name,credential,cred_short,email,phone,website,has_independent_site,session,description,member_id
"Sue Steele","Licensed Marriage & Family Therapist",LMFT,ssteelelmft@gmail.com,(415) 388-7587,,False,"; For a limited number of clients I charge on a sliding scale","""",
"Sherry Gillimore, We Thrive Therapy","Licensed Marriage & Family Therapist",LMFT,sherrymft@wethrivetherapy.com,(415) 598-0511,https://www.wethrivetherapy.com,True,"In-person therapy, Teletherapy; ",""Adults, Couples; I help people dealing with their loved ones addiction"",
"Colleen Russell","Licensed Marriage & Family Therapist",LMFT,crussell@colleenrussellmft.com,415-785-3513,https://www.colleenrussellmft.com,True,"Teletherapy; For a limited number of clients I charge on a sliding scale",""Adults, Couples, Families, Groups; Since 1992, serving individuals, couples, families, and groups, face to face and online."",16189447
"Christine Donohue, MFT, SEP","Licensed Marriage & Family Therapist",LMFT,christine@christinedonohue.com,(415) 721-7217,https://www.christinedonohue.com,True,"Teletherapy; For a limited number of clients I charge on a sliding scale",""Adults, Couples, Families; I work collaboratively on-line with individual, couples & adult families, specializing in Trauma Resolution &Thriving Relationships. I am Certified in Somatic Experiencing & Brainspotting.  I welcome speaking with you via  a free 15 min consultation."",16189447
"Blue Mudbhary, Therapy With Blue","Licensed Marriage & Family Therapist",LMFT,blue.keane@gmail.com,14158798707,https://www.therapywithblue.com,True,"Teletherapy; ",""Adults, Couples, Teens"",16189447
"Maureen Smith, Maureen Smith, LMFT","Licensed Marriage & Family Therapist",LMFT,msmiththerapy@gmail.com,415-328-3202,https://therapyfortheunexpected.com,True,"; ",""I am a PsyD  student at California Institute of Intergal Studies.  I plan on graduating in May, 2019."",
"Katy Jensen","",Unknown,katymariejensen@gmail.com,208-830-5202,,False,"In-person therapy; ",""Children"",16189448
"Kristen Lebacqz","Licensed Marriage & Family Therapist",LMFT,lebacqz@gmail.com,415-729-4802,https://www.marinmindfultherapy.com/,True,"In-person therapy, Teletherapy; For a limited number of clients I charge on a sliding scale",""Adults, Teens; Therapy for a more meaningful, joyful, connected life."",
"Mallory Geitheim, CAMFT","Licensed Marriage & Family Therapist",LMFT,mal7799@yahoo.com,(415) 485-5582,,False,"; ","""",
"Elena Zacarias de Palacios","Licensed Marriage & Family Therapist",LMFT,elenazacariasp@gmail.com,669 220 9088,,False,"Teletherapy; ","""",16189447
"Timothy West, The Marriage Clinic of Marin","Licensed Marriage & Family Therapist",LMFT,biowest@aol.com,(415) 892-7330,https://www.couplesclinicmarin.com,True,"; For a limited number of clients I charge on a sliding scale",""I am a marital thereapy expert with 25 years experience and I am Gottman certified.  Please go to my website at Couplesclinicmarin.com for complete information."",
"Nancy Dagenhart","Licensed Marriage & Family Therapist",LMFT,nancydagenhart@comcast.net,(415) 924-4539,https://www.nancydagenhart.com,True,"In-person therapy, Teletherapy; ",""Adults, Couples"",
"Jeanette Lombardi","Licensed Marriage & Family Therapist",LMFT,jl49s@verizon.net,415-897-5700,,False,"; For a limited number of clients I charge less than $50 per session, For a limited number of clients I charge on a sliding scale","""",
"Orren Perlman","Psychiatrist",MD,orrenperlmanmd@gmail.com,707-523-9423,https://www.orrenperlmanmd.com,True,"Teletherapy; For a limited number of clients I charge on a sliding scale","""",16189447
"Amanda Snow, Relax and Be Free","",Unknown,amandasnow@mymail.ciis.edu,415-516-0965,,False,"In-person therapy, Teletherapy; ",""Adults, Couples; Somatic Psyhotherapy"",
"Barbara Nelson","Licensed Marriage & Family Therapist",LMFT,barbaraemft97@gmail.com,415-235-1023,https://www.relationshipcounseling-marin.com,True,"In-person therapy, Teletherapy; For a limited number of clients I charge on a sliding scale",""Adults, Couples, Families; Relationship repair and Individual well being. The focus is on you; working together to lift burdens and heal relationships. Call me and let's find out if we are a fit. Telehealth is offered as a convenient option."",
"Misao Takano, Misao Takano,LMFT","Licensed Marriage & Family Therapist",LMFT,misaotakano@yahoo.com,408-410-2672,,False,"Teletherapy; ",""Adults, Children, Teens"",16189447
"Diane Caudillo, Humboldt Family Service Center","Associate Marriage and Family Therapist",LMFT,dianecaudillo@gmail.com,510-499-9975,,False,"Teletherapy; ",""Adults, Children, Couples, Teens"",16189447
"Avital Schlesinger","Licensed Marriage & Family Therapist",LMFT,Schlesinger.avital@gmail.com,5109826136,https://www.avitalmft.com,True,"In-person therapy, Teletherapy; For a limited number of clients I charge on a sliding scale",""Adults, Couples, Teens"",
"David Goldsmith","Associate Marriage and Family Therapist",LMFT,david@davidgoldsmiththerapy.com,415-521-0966,https://www.davidgoldsmith.com,True,"In-person therapy, Teletherapy; ",""Adults, Children, Couples, Families, Groups, Teens; Psychoanalytic therapy for all ages."",
"Sheila Rubin","Licensed Marriage & Family Therapist",LMFT,sheila@healingshame.com,(415) 820-3974,https://www.sheilarubin.com,True,"; For a limited number of clients I charge on a sliding scale",""Sheila Rubin, MA, LMFT, RDT/BCT has a private practice in Berkeley and online. Sheila utilizes a combination of techniques to support clients' growth, including: cognitive behavioral, somatic, expressive arts therapy and drama therapy."",
"Rachel Horodezky, The Center For Embodiment Medicine","Psychologist",PsyD,racheljordana@gmail.com,8313319202,https://embodimentmedicine.com,True,"In-person therapy, Teletherapy; ",""Adults, Children, Teens; Dr. Rachel Jordana Horodezky is a licensed psychologist and founder of the Center for Embodiment Medicine, integrating somatic, relational, and eco-therapy to support trauma-informed healing."",
"Stephanie Seibel","Associate Marriage and Family Therapist",LMFT,sseibelma@santarosa-therapist.com,(707) 860-3782,,False,"Teletherapy; For a limited number of clients I charge on a sliding scale",""Adults, Teens"",16189447
"Lauren Bark","Associate Marriage and Family Therapist",LMFT,lbarktherapy@gmail.com,707-596-3102,https://www.delarosapsychotherapists.com/lauren-bark,True,"In-person therapy; For a limited number of clients I charge on a sliding scale",""Adults, Children; I work with relational approach informed by Internal Family Systems (IFS), attachment theory, and somatic mindfulness. My work focuses on helping clients access and strengthen internal resources, address unresolved trauma, & emotional regulation."",16189448
"Alia Al-Zand, Morning Sun Therapy","Licensed Marriage & Family Therapist",LMFT,alia@morningsuntherapy.co,415-267-6162,https://www.morningsuntherapy.co,True,"In-person therapy, Teletherapy; ",""Adults, Children, Teens"",
"Marilynne Chophel","Licensed Marriage & Family Therapist",LMFT,marilynne@dharmaspirit.com,(925) 932-2544,https://www.dharmaspirit.com,True,"Teletherapy; ",""Adults, Couples; Depth Psychotherapy, Healing from Trauma, and Consultation"",16189447
"Cara Gereau, Somatic Therapy of Marin","Licensed Marriage & Family Therapist",LMFT,caragereau@gmail.com,415-521-0799,,False,"In-person therapy, Teletherapy; ",""Children, Couples, Groups"",
"Patricia Saunders, MCAMFT","Licensed Marriage & Family Therapist",LMFT,patriciasaunders6@gmail.com,(415) 991-3453,https://www.patriciasaundersmft.com,True,"Teletherapy; For a limited number of clients I charge on a sliding scale",""Adults, Couples"",16189447
"Mari Conti, Private Practice","Licensed Marriage & Family Therapist",LMFT,mariconti22@gmail.com,310/406-5770,https://TherapywithMaril.com,True,"In-person therapy, Teletherapy; For a limited number of clients I charge on a sliding scale",""Adults, Children, Teens"",
"Erin Crawford, EmpowerEd Psychological Services Inc.","Psychologist",PsyD,erincrawfordpsych@gmail.com,415-488-6039,https://empowered-psych.com,True,"In-person therapy, Teletherapy; ",""Adults, Children, Teens; I am a Licensed Educational Psychologist providing assessment, consultation, advocacy, and counseling services"",
"Elsa Ng","Licensed Marriage & Family Therapist",LMFT,elsang1@yahoo.com,(415) 515-7103,,False,"; For a limited number of clients I charge on a sliding scale","""",
"Janis Reagan, Private practice in Oxnard, CA","Licensed Marriage & Family Therapist",LMFT,jan@reagans.com,(626)840-1514,,False,"Teletherapy; For a limited number of clients I charge on a sliding scale",""Adults"",16189447
"Myriam Martinez","Licensed Marriage & Family Therapist",LMFT,myriam@myriammartinezmft.com,(415) 235-2734,https://www.myriammartinezmft.com,True,"In-person therapy, Teletherapy; For a limited number of clients I charge on a sliding scale",""Adults, Children, Families, Teens"",
"Cheryl Clementson","Licensed Marriage & Family Therapist",LMFT,cheryl@cherylclementson.com,4156395373,https://www.cherylclementson.com,True,"In-person therapy, Teletherapy; For a limited number of clients I charge on a sliding scale","""",
"George Taylor, A Path for Couples","Licensed Marriage & Family Therapist",LMFT,george@pathforcouples.com,(415) 6864094,https://www.pathforcouples.com,True,"In-person therapy, Teletherapy; For a limited number of clients I charge on a sliding scale",""Adults, Couples; Since I wrote my book A Path for Coupes, which gives clear instructions for Couples Communication, I have focused my practice on only couples."",
"Annie Bjork","Licensed Marriage & Family Therapist",LMFT,anniebjorktherapy@gmail.com,415.758.0038,https://415.758.0038,True,"In-person therapy, Teletherapy; For a limited number of clients I charge on a sliding scale",""Adults, Couples, Families, Teens; Annie is a marriage and family therapist in Marin County who has dedicated the last ten years to exploring the most effective ways to support individuals, families and couples in crisis."",
"Eric Kelly","Licensed Marriage & Family Therapist",LMFT,ekellymft@gmail.com,415-264-9809,https://www.erickellymft.com,True,"; For a limited number of clients I charge on a sliding scale",""Eric Kelly, LMFT, is a licensed Marriage and Family Therapist located in San Rafael, California, providing psychotherapy services for families, couples, and individuals of all ages."",
"Ryan Woodring","Licensed Clinical Social Worker",LCSW,ryanwoodringlcsw@gmail.com,(415) 691-2248,https://www.ryanwoodringtherapy.com,True,"In-person therapy, Teletherapy; For a limited number of clients I charge on a sliding scale",""Adults, Couples, Teens; Feeling overwhelmed, stuck, or unsure how to move forward? I’m here to help you navigate life’s challenges and reconnect with a sense of purpose and direction."",
"Shira Marin, Private Practice","Licensed Marriage & Family Therapist",LMFT,shiramarinphd@gmail.com,(415)  488-5557,https://ShiraMarinPhD.com,True,"Teletherapy; For a limited number of clients I charge on a sliding scale","""",16189447
"Susan Pease Gadoua, Changing Marriage","Licensed Clinical Social Worker",LCSW,susan@changingmarriage.com,(415) 448-6242,https://www.ChangingMarriage.com,True,"Teletherapy; For a limited number of clients I charge on a sliding scale",""Helping Couples Reconnect or Disconnect in a Healthy Way ~ I also work with Individuals not in relationship who want to do deep introspective work"",16189447
"Judy Kendall, Private Practice","Licensed Marriage & Family Therapist",LMFT,judykendallmft@gmail.com,(415) 747-5411,https://Www.judykendallmft.com,True,"Teletherapy; For a limited number of clients I charge on a sliding scale",""Adults, Families, Teens; Teen and Family Therapy in Marin & the East Bay"",16189447
"Lynne Dixon","Licensed Marriage & Family Therapist",LMFT,lynne@lynnemdixon.com,(415) 346-4876,https://www.lynnemdixon.com,True,"Teletherapy; ",""Adults, Couples; Specializing in trauma with individuals and couples"",16189447
"Wally Phillips, Integrative Psychotherapy","Licensed Marriage & Family Therapist",LMFT,wallyphillipsmft@jps.net,(415) 788-4444,https://www.IntegrativePsychotherapy.Us,True,"In-person therapy, Teletherapy; For a limited number of clients I charge on a sliding scale",""Adults, Couples, Groups"",
"Emily Chiswick-Patterson","Associate Marriage and Family Therapist",LMFT,echiswickpatterson@tamdistrict.org,415-625-3750,,False,"","""",
"Elaine McMahon, MFT","Licensed Marriage & Family Therapist, Licensed Professional Clinical Counselor",LMFT,elainemcmahonmft@gmail.com,(415) 299-2376,https://elainemcmahonmft.com,True,"In-person therapy, Teletherapy; ",""Adults"",
"Kristina Hovis, Kristina Hovis, MFT","Licensed Marriage & Family Therapist",LMFT,kristinahovismft@gmail.com,707-925-3511,,False,"In-person therapy, Teletherapy; For a limited number of clients I charge on a sliding scale",""Adults, Couples, Groups"",
"Nicole Lako","Licensed Marriage & Family Therapist",LMFT,nicole.lako@gmail.com,(415) 820-1620,https://www.nicolelako.com,True,"In-person therapy, Teletherapy; ",""Adults, Couples, Teens"",
"Patricia Ross","Licensed Marriage & Family Therapist",LMFT,prmft94123@gmail.com,415 272-3773,https://www.patriciarossmft.com,True,"Teletherapy; For a limited number of clients I charge on a sliding scale",""Adults, Couples, Groups; Over 30 years working with individuals and couples  from a psychoanalytic, intersubjective orientation."",16189447
"Nancy Nishimura-Garvin","Licensed Marriage & Family Therapist",LMFT,nkgarvin@comcast.net,(415)269-1579,,False,"; For a limited number of clients I charge on a sliding scale","""",
"Raven Rose, ravenrosetherapy.com","Licensed Marriage & Family Therapist",LMFT,nalika.raven@gmail.com,3237360837,https://www.ravenrosetherapy.com/,True,"In-person therapy, Teletherapy; For a limited number of clients I charge on a sliding scale",""Adults, Families, Groups; Therapy for Highly Sensitive Persons"",
"Sandra Fitting, Sandra Fitting Psychotherapy","Licensed Marriage & Family Therapist",LMFT,sandrafitting@gmail.com,415-302-2605,https://sandrafitting.com,True,"Teletherapy; For a limited number of clients I charge on a sliding scale",""Adults; I am a deep, empathetic and active listener with a developed intuition and many decades of spiritual practice. Using Somatic Experiencing, mindfulness and engaging ritual to assist you with your life transitions, I can support you in reconnecting wit"",16189447
"Laura Wilkes","Associate Marriage and Family Therapist",LMFT,wilkeslaurachristine@gmail.com,650.302.0182,https://650.302.0182,True,"In-person therapy; ",""Adults, Children, Families, Teens"",16189448
"Thia Haselton","Licensed Marriage & Family Therapist",LMFT,thaselton02@gmail.com,415 820 9637,,False,"Teletherapy; For a limited number of clients I charge on a sliding scale","""",16189447
"Davida Taurek","Licensed Professional Clinical Counselor",LPCC,davida.taurek@gmail.com,415-448-6780,https://davidatherapy.com,True,"; For a limited number of clients I charge on a sliding scale",""Building Resiliency: Counseling for Individuals and Couples. If you want to create meaningful changes in your life and relationships, reach out and contact me today for a free phone consultation."",
"Irvin Collins, El Dorado County Behavioral Health","Associate Marriage and Family Therapist",LMFT,irvincollins@yahoo.com,(510) 472-7862,,False,"Teletherapy; For a limited number of clients I charge on a sliding scale",""Adults, Children, Families, Groups, Teens; Extensive international. cross-cultural identity, residing in Europe & India"",16189447
"Jennifer Rossi","Licensed Marriage & Family Therapist",LMFT,JenniferDRossiLMFT@gmail.com,707-343-8110,https://Builtwithinpsychotherapy.com,True,"In-person therapy, Teletherapy; For a limited number of clients I charge on a sliding scale",""Adults, Families, Teens"",
"Jamie Katoff","Licensed Marriage & Family Therapist",LMFT,jamielkatoff@gmail.com,4152552502,https://jamielkatoffmft.com,True,"In-person therapy, Teletherapy; For a limited number of clients I charge on a sliding scale",""Adults, Couples; Client-centered, relationship oriented therapy for individuals and couples"",
"Nancy Rhine","Licensed Marriage & Family Therapist",LMFT,nrhine@gmail.com,(415) 378-6577,https://www.nancyrhine.com,True,"Teletherapy; For a limited number of clients I charge on a sliding scale",""Adults; Gero-psychotherapy and Depth Psychology - Midlife & Older Adults"",16189447
"Norman Hering","Licensed Marriage & Family Therapist",LMFT,info@normanhering.com,4157610688,https://normanhering.com,True,"In-person therapy, Teletherapy; For a limited number of clients I charge on a sliding scale",""Adults, Children, Couples, Families, Teens"",
"Jennifer Hochschild","",Unknown,jhochschild@gmail.com,4153071624,,False,"In-person therapy, Teletherapy; ",""Children, Teens"",
"Anneli Richards, Family Matters Of Marin","Licensed Marriage & Family Therapist",LMFT,annelirichardsmft@gmail.com,(415) 326-6354,https://www.FamilyMattersOfMarin.com,True,"In-person therapy, Teletherapy; ",""Adults, Children, Couples, Families, Groups, Teens; Psychotherapy for adults, children, adolescents, and families."",
"Cynthia Stephan, de la Rosa Psychotherapists","Associate Marriage and Family Therapist",LMFT,cindi@cindistephan.com,415-322-0491,https://www.cindistephan.com/,True,"In-person therapy, Teletherapy; For a limited number of clients I charge on a sliding scale",""Adults, Couples, Families, Teens"",
"Mark Hirschfield","Licensed Marriage & Family Therapist",LMFT,mark@markhirschfield.com,4159224444,https://www.markhirschfield.com,True,"In-person therapy, Teletherapy; For a limited number of clients I charge on a sliding scale",""Adults, Children, Couples, Families, Teens; Originally from England, I received my BA  in Psychology at Stanford. I have worked in the fields of individual, couple, family counseling, and crisis prevention, since 1993."",
"Gregory Tompkins","Licensed Marriage & Family Therapist",LMFT,tompkinsgr@gmail.com,4154507888,https://gregtompkinslmft.com,True,"; For a limited number of clients I charge on a sliding scale",""Adults, Couples, Teens; Client centered, attachment based therapist, specializing in working with adolescent’s and young adults. Experienced working with trauma and attachment issues."",
"Francesca Stevenson","Licensed Marriage & Family Therapist",LMFT,francescastevensontherapy@gmail.com,(415) 879-8717,https://www.psychologytoday.com/us/therapists/francesca-stevenson-mill-valley-ca/738938,False,"In-person therapy, Teletherapy; ",""Adults, Couples"",
"Polly Ely, The LAB Method","Licensed Marriage & Family Therapist",LMFT,pollysely@gmail.com,415-233-6866,https://Www.pollyely.com,True,"In-person therapy, Teletherapy; ",""Adults, Children, Couples, Families, Groups, Teens; AEDP for couples, teens, individuals, families and parents"",
"Rhiannon Garcia-Penning, Solful Therapy","Licensed Marriage & Family Therapist",LMFT,rhiannon.garciapenning@gmail.com,4156360975,https://www.solfultherapy.com,True,"In-person therapy, Teletherapy; For a limited number of clients I charge on a sliding scale",""Adults, Couples; Therapy for couples and new parents on issues related to intimacy and connection, particularly during the postpartum period."",
"Laura A Landress, Greenlight Clinic, SF","Licensed Marriage & Family Therapist",LMFT,lalandress@gmail.com,415.295.2960,https://415.295.2960,True,"Teletherapy; For a limited number of clients I charge on a sliding scale",""Adults, Couples, Teens"",16189447
"Meghan Elfsten, Meridian University","",Unknown,meghanduffyre@gmail.com,4156520677,,False,"In-person therapy, Teletherapy; ",""Adults"",
"Sean Monsarrat","Licensed Marriage & Family Therapist",LMFT,smonsarratmft@startmail.com,415 691 0164,https://www.seanmonsarrat.com,True,"Teletherapy; For a limited number of clients I charge on a sliding scale",""Adults, Couples"",16189447
"Maysie Tift","Licensed Marriage & Family Therapist",LMFT,MT@MaysieTiftTherapy.com,(415) 295-2150,https://www.MaysieTiftTherapy.com,True,"In-person therapy, Teletherapy; ",""Adults; Psychotherapy, hypnosis, Brainspotting, & nutrition therapy"",
"Angela Hopper, Ohlhoff Recovery Programs","Licensed Marriage & Family Therapist",LMFT,AngelaHopperMFT@gmail.com,415-488-7110,https://www.MarinMFT.com,True,"Teletherapy; For a limited number of clients I charge on a sliding scale",""Adults, Teens; Specializing in Substance Use Disorder Treatment"",16189447
"Carolyn Swearingen","Psychologist",PsyD,Carolyn.swearingen@gmail.com,(415) 321-9171,https://www.carolynphd.com,True,"In-person therapy, Teletherapy; ",""Adults"",
"Leslie Zane","Licensed Marriage & Family Therapist",LMFT,lesliezanelmft@gmail.com,530-261-2622,,False,"Teletherapy; For a limited number of clients I charge on a sliding scale",""Adults"",16189447
"Arian Dasmalchi","Associate Marriage and Family Therapist",LMFT,dasmalchia@gmail.com,415-625-3210,https://adtherapy.squarespace.com/,True,"In-person therapy, Teletherapy; ",""Adults, Couples, Families, Groups, Teens; I work with individuals, couples, and families. My practice is eclectic, but I gravitate toward humanistic-existential (we all have growth potential and seek meaning), psychodynamic (early experiences shape us), and somatic (our bodies hold trauma)."",
"Emily Carlson","Associate Marriage and Family Therapist",LMFT,emily.carlson.therapy@gmail.com,510 626 0823,http://www.emilycarlsonpsychotherapy.com/,True,"In-person therapy, Teletherapy; For a limited number of clients I charge on a sliding scale",""Adults, Teens"",
"Kelsey Louderback","Licensed Marriage & Family Therapist",LMFT,kelsey@kelseylouderbacktherapy.com,415-322-3270,https://www.caonlinetherapist.com,True,"Teletherapy; ",""Adults, Couples, Groups; Couples, Families, and Individuals"",16189447
"Jan Ardell","Licensed Marriage & Family Therapist",LMFT,janardell@yahoo.com,(415) 233-0384,,False,"; For a limited number of clients I charge on a sliding scale",""Due to specialized training and contracting with the State I provide gambling counseling at no cost to clients concerned about theirs or someone else's gambling."",
"Suvi Tikka Silvanto","Associate Marriage and Family Therapist",LMFT,suvi@psychotherapist.coach,4154885051,,False,"Teletherapy; For a limited number of clients I charge on a sliding scale",""Adults, Children, Couples, Families, Teens; Life brings transitions and challenges. I offer online therapy across California for adults, couples, children, and families. Together we explore emotions, relationships, and meaningful ways forward in a supportive space."",16189447
"Brenda Fonarev","Licensed Marriage & Family Therapist",LMFT,brendafonarev@gmail.com,415-827-8112,,False,"In-person therapy; ",""Adults, Children, Teens"",16189448
"Gail Caulfield, self employed private practice","Licensed Marriage & Family Therapist",LMFT,caulfieldmft@gmail.com,(415) 846-4452,https://www.gailcaulfield.com,True,"Teletherapy; For a limited number of clients I charge on a sliding scale",""Adults; Working remotely.  Sometimes in our efforts to avoid suffering we lose touch with our feelings and body sensations, eventually becoming numb.  Together we can mindfully explore the blocks and face the fears so that you can heal unresolved wounds."",16189447
"Anne Baxter","Licensed Marriage & Family Therapist",LMFT,annewbaxter@gmail.com,6503222235,,False,"; For a limited number of clients I charge on a sliding scale","""",
"Alane Freund, Alane Freund, LMFT, dba Heart and Mind Equine","Licensed Marriage & Family Therapist",LMFT,alane@alanefreund.com,(415) 203-6600,https://alanefreund.com,True,"In-person therapy, Teletherapy; For a limited number of clients I charge on a sliding scale",""Adults, Children, Couples, Families, Groups, Teens; Equine Assisted Learning and Psychotherapy for youth, parents, women, families, couples."",
"Suzanne Austin","Licensed Marriage & Family Therapist",LMFT,suzannebaustin@gmail.com,415 488-5374,https://suzanneaustinmft.com,True,"Teletherapy; For a limited number of clients I charge on a sliding scale",""Adults, Families; Client Centered Therapy for Adults and Families"",16189447
"Sheela Kamath","Licensed Marriage & Family Therapist",LMFT,SheelaKamathTherapy@gmail.com,925-338-7089,,False,"Teletherapy; For a limited number of clients I charge on a sliding scale",""Adults"",16189447
"Jennie Beuhler","Licensed Marriage & Family Therapist",LMFT,jenniebeuhlertherapy@gmail.com,(415) 446-1039,https://www.jenniebeuhler.com/,True,"In-person therapy, Teletherapy; For a limited number of clients I charge on a sliding scale",""Adults, Groups, Teens"",
"Tina Chase, MarinCAMFT","Licensed Marriage & Family Therapist",LMFT,tinachasemft@gmail.com,4153835122,,False,"In-person therapy, Teletherapy; ",""Adults, Couples; Four decades of experience and still excited by the work"",
"Susan Ho Berzon","Licensed Marriage & Family Therapist",LMFT,shberzon@gmail.com,949.878.2730,https://949.878.2730,True,"Teletherapy; ",""Adults, Couples, Families; Psychodynamic Therapist EMDR Certified"",16189447
"Gabriel Rabu","Licensed Marriage & Family Therapist",LMFT,gabriel@gabrielrabu.com,(415) 758-2203,http://www.gabrielrabu.com,True,"Teletherapy; For a limited number of clients I charge on a sliding scale",""Adults, Couples; Adult, adolescent and Couple therapy in English or French for those experiencing depression, anxiety, loss of direction, or dealing with issues of cultural identity and creative self-expression."",16189447
"Lærke Mikkelsen, Dominican University of California","Associate Professional Clinical Counselor",LPCC,riisberg_mikkelsen@hotmail.com,4157552356,,False,"In-person therapy; ",""Children, Families, Teens"",16189448
"Isabela Yates, University of San Francisco","",Unknown,yates.isabela@gmail.com,4154973591,,False,"","""",
"Nina Del Sesto","",Unknown,Radiantyou000@gmail.com,4154886022,https://www.psychologytoday.com/us/therapists/nina-del-sesto-fairfax-ca/1677418,False,"Teletherapy; ",""Adults, Teens; Just getting started!"",16189447
"Phyllis Galanis","Licensed Marriage & Family Therapist",LMFT,ptgalanis@comcast.net,(415) 924-2613,,False,"In-person therapy, Teletherapy; For a limited number of clients I charge on a sliding scale",""Adults; Individual therapy with a Family Systems approach,"",
"Kristin Andersen, Kristin Andersen LMFT","Licensed Marriage & Family Therapist",LMFT,kristin@kandersenlmft.com,415-534-0055,https://www.kandersenlmft.com,True,"In-person therapy, Teletherapy; ",""Adults, Families, Teens"",
"Marcelle Little","Licensed Marriage & Family Therapist",LMFT,marcellemaelittle@gmail.com,5108986699,https://www.marcellelittle.com,True,"Teletherapy; ",""Adults; I provide online therapy to over-giving, overwhelmed, and highly sensitive young and middle-aged adults. Together, we practice skills to come back to center so they can overcome negative self-talk and paralyzing anxiety and experience self-worth."",16189447
"Jennifer Werba, Marin Perinatal Therapy","",Unknown,jennywerba@gmail.com,4156808867,https://Jennywerba.com,True,"Teletherapy; For a limited number of clients I charge on a sliding scale",""Adults, Couples; I support individuals and couples on their journey through: infertility, pregnancy & postpartum, birth trauma, pregnancy loss, family planning and early parenting"",16189447
"Dean Paquette","Licensed Marriage & Family Therapist",LMFT,deanpaquettemft@gmail.com,415-903-0069,https://www.deanpaquettetherapy.com,True,"Teletherapy; For a limited number of clients I charge on a sliding scale",""Adults, Couples"",16189447
"Laurel van der Toorn, Laurel Therapy Collective","Licensed Marriage & Family Therapist",LMFT,laurel@laureltherapy.net,4155042895,https://laureltherapy.net,True,"Teletherapy; ",""Adults, Couples, Teens"",16189447
"Carlynn Tocchini","",Unknown,ctocchini@po.pacificoaks.edu,(707) 583 - 1490,,False,"; ",""Adults, Couples, Families, Groups, Teens"",
"Elana Morgulis","Licensed Marriage & Family Therapist",LMFT,elanamorgulis@gmail.com,510-455-2698,https://www.elanamorgulistherapy.com,True,"Teletherapy; For a limited number of clients I charge on a sliding scale",""Adults, Couples; Psychotherapy, Mindfulness, & Healing Arts for anxiety, stress, and relationship issues."",16189447
"Nancy Aldrich, Nancy Aldrich Therapy","Associate Marriage and Family Therapist",LMFT,nancy@nancyaldrich.com,510-612-3886,https://www.psychologytoday.com/us/therapists?search=Nancy+Aldrich,False,"In-person therapy, Teletherapy; For a limited number of clients I charge on a sliding scale",""Adults, Children, Couples, Families, Groups, Teens"",
"Suzanna de Sanz","Licensed Marriage & Family Therapist",LMFT,suzanna.desanz@gmail.com,(415) 870-3347,https://www.suzannadesanz.com,True,"In-person therapy, Teletherapy; For a limited number of clients I charge on a sliding scale",""Adults; Licensed Marriage & Family Therapist working in private practice. Specializing in trauma and EMDR. Current in person availability. Learn more at www.suzannadesanz.com (415) 870-3347"",
"Kate Northcott","Licensed Marriage & Family Therapist",LMFT,katenorthcottmft@gmail.com,4158161804,https://mindfulnesstherapy.org,True,"Teletherapy; ",""Adults"",16189447
"David France","Licensed Marriage & Family Therapist",LMFT,david@francemft.com,628-282-4049,https://therapyfinder.com/therapist/david-france-behavioral-health-therapy,True,"Teletherapy; ",""Adults, Couples; I create a safe and non-judgmental space for you to heal and share your pain."",16189447
"Lauren Ogren, Wellfull Collective","Licensed Marriage & Family Therapist",LMFT,LaurenOgrenMFT@gmail.com,4154886650,https://LaurenOgrenTherapy.com,True,"In-person therapy, Teletherapy; For a limited number of clients I charge on a sliding scale",""Adults, Teens; Bold & Empathetic Therapy"",
"Caroline Kawashima","",Unknown,caroline.kawashima@students.dominican.edu,415.246.0313,https://415.246.0313,True,"","""",
"Melissa Benson","Licensed Marriage & Family Therapist",LMFT,melissabensontherapy@gmail.com,415-870-6545,https://www.psychologytoday.com/profile/1633305,False,"In-person therapy, Teletherapy; For a limited number of clients I charge on a sliding scale",""Adults, Children, Teens; LMFT for Adolescents & Adults, with treamtent areas including anxiety, depression, life transitions, grief, school struggles, family conflict, women's issues"",
"Joanne Davis","Licensed Marriage & Family Therapist",LMFT,joannedavismft@gmail.com,(510) 295-3270,https://www.thrivecounselingandtherapy.com,True,"Teletherapy; ",""Adults; I just might be able to help you feel free, empowered and more ease."",16189447
"Stefan Benton","Licensed Marriage & Family Therapist",LMFT,sbentonmft@gmail.com,415-924-7785,,False,"In-person therapy, Teletherapy; ",""Adults, Couples, Families, Teens"",
"Ishiah Benben, Bay Area Community Resources-BACR","Associate Marriage and Family Therapist",LMFT,fullhearttherapymarin@gmail.com,(415) 326-4844,,False,"In-person therapy, Teletherapy; For a limited number of clients I charge on a sliding scale",""Adults, Children, Teens"",
"Christina de Cossio","Licensed Marriage & Family Therapist",LMFT,Christinadecossio@gmail.com,4156060040,https://Www.Christinadecossio.com,True,"In-person therapy, Teletherapy; For a limited number of clients I charge on a sliding scale",""Adults"",
"Lisa Lund, Certified Gottman Therapist, A Couple's Place","Licensed Marriage & Family Therapist",LMFT,lisa@acouplesplace.com,984-259-9798,https://www.acouplesplace.com,True,"Teletherapy; ",""Couples; Tele-therapy for Couples"",16189447
"Cameron Osborne","Licensed Marriage & Family Therapist",LMFT,cameronosbornemft@gmail.com,415 320 8993,http://cameronosbornemft.com,True,"Teletherapy; For a limited number of clients I charge less than $50 per session, For a limited number of clients I charge on a sliding scale",""Due to Covid 19 I am practicing therapy on line only using a secure telehealth platform."",16189447
"Ryan Plumb","Associate Marriage and Family Therapist",LMFT,ryan@ryanplumbtherapy.com,415-779-2496,https://www.ryanplumbtherapy.com,True,"In-person therapy, Teletherapy; For a limited number of clients I charge on a sliding scale",""Adults, Children, Couples, Families, Teens"",
"Anna Billings","Licensed Marriage & Family Therapist",LMFT,abillingsmft@gmail.com,(510) 524-0833,https://www.annabillings.com,True,"; For a limited number of clients I charge on a sliding scale",""Whole-person healing through Therapy, Soulwork, and Coaching"",
"Sara Staley","Licensed Marriage & Family Therapist",LMFT,sara@wellspring-pc.com,415-938-8212,,False,"In-person therapy, Teletherapy; For a limited number of clients I charge on a sliding scale",""Adults, Children, Teens; I have experience providing treatment and support for children and individuals needing to heal from trauma or a difficult life transition."",
"Anna Don, Mind Therapy Clinic","Licensed Marriage & Family Therapist",LMFT,adon@mindtherapyclinic.com,415-945-9870,,False,"In-person therapy, Teletherapy; ",""Adults, Couples, Families, Groups"",
"Lisa Hauck Loy","Licensed Marriage & Family Therapist",LMFT,lisahauckloy@gmail.com,4158471307,https://lisahauckloy.com,True,"In-person therapy, Teletherapy; For a limited number of clients I charge on a sliding scale",""Adults, Couples; Experiential Attachment-based Psychotherapy"",
"Carol Levin","Licensed Marriage & Family Therapist",LMFT,carolalevin@yahoo.com,(415) 990-6213,,False,"; For a limited number of clients I charge on a sliding scale","""",
"Jodi Fiel, North County LGBTQ Resource Center","Associate Marriage and Family Therapist",LMFT,jodisattva1@gmail.com,760-994-1690,https://ncresourcecenter.org,True,"In-person therapy, Teletherapy; ",""Adults, Children, Couples, Families, Teens"",
"Virginia Perkins","Associate Marriage and Family Therapist",LMFT,vhperkins@gmail.com,4154846523,,False,"In-person therapy, Teletherapy; ","""",
"Mary Jane Landolina","Licensed Marriage & Family Therapist",LMFT,mjlando@yahoo.com,(415) 267-5903,,False,"; For a limited number of clients I charge on a sliding scale","""",
"Jennifer Malone","Licensed Marriage & Family Therapist",LMFT,jennifermalonemft@gmail.com,4153050179,https://jennifermalonemft.com,True,"Teletherapy; For a limited number of clients I charge on a sliding scale",""Adults; Teletherapy with adults of all ages"",16189447
"Kate Merrill Evans, Love is Wise Therapy","Licensed Marriage & Family Therapist",LMFT,Kate@loveiswisetherapy.com,6505350336,https://www.loveiswisetherapy.com,True,"Teletherapy; For a limited number of clients I charge on a sliding scale",""Adults, Couples; Where survival patterns soften and self-trust grows"",16189447
"Susan Allen","Licensed Marriage & Family Therapist",LMFT,susanallenlmft@gmail.com,415-505-3541,https://www.susanallentherapy.com/,True,"In-person therapy, Teletherapy; ",""Adults; Specializing in women's reproductive health and maternal mental health."",
"Tim Lea","",Unknown,leatimothy@gmail.com,3237911826,,False,"","""",
"Simone Rodin, Wellspring Psychotherapy Center","Psychologist",PsyD,simone@wellspring-pc.com,415-300-4055 ext 1,https://www.wellspringpsychotherapycenter.com,True,"In-person therapy, Teletherapy; For a limited number of clients I charge on a sliding scale",""Adults, Children, Couples, Families, Teens; Wellspring Psychotherapy Center is a group practice.  We specialize in using evidence based therapy to treat children, teens and adults"",
"MCAMFT Web Editor, Marin CAMFT","Licensed Professional Clinical Counselor",LPCC,editor@marincamft.org,none,,False,"","""",
"Cassidy Cavanah, Rose Therapy Practice","Associate Marriage and Family Therapist",LMFT,hello@cassidyrosetherapy.com,510-603-5913,https://www.cassidyrosetherapy.com,True,"In-person therapy, Teletherapy; For a limited number of clients I charge on a sliding scale",""Adults, Couples, Groups, Teens; Cassidy is a relational, trauma-informed therapist supporting grief, trauma, anxiety/ADHD, and life transitions. She offers depth-oriented, collaborative therapy for meaningful change and self-understanding."",
"Jonathan Pofsky, Marin Stress & Anxiety Center","Licensed Marriage & Family Therapist, Psychiatrist",LMFT,jonathanpofsky@gmail.com,4155775338,https://www.marinstressanxietycenter.com,True,"In-person therapy, Teletherapy; ",""Adults, Teens; ntegrative therapy for adults and teens using somatic techniques, mindfulness, and IFS to work through anxiety, stress, trauma, and life transitions"",
"Leila Samrad","Licensed Marriage & Family Therapist",LMFT,leilasamrad108@gmail.com,4153366670,https://www.leilasamrad.com,True,"In-person therapy, Teletherapy; For a limited number of clients I charge on a sliding scale",""Adults, Couples, Families, Groups, Teens; My passion is to help you heal, whether that is with your partner, family, yourself or with the often harsh realities of life as a human being. For 20 years, I have been helping clients thrive in their relationships and lives."",
"Dorothy O'Leary, -","Licensed Marriage & Family Therapist",LMFT,dorothy@dorothyolearymft.com,(415) 339-7440,https://dorothyolearymft.com,True,"In-person therapy, Teletherapy; For a limited number of clients I charge on a sliding scale",""Adults, Couples"",
"Doug Silberstein","Licensed Marriage & Family Therapist",LMFT,doug@dougsilbersteinmft.com,707-583-2353,https://www.dougsilbersteinmft.com,True,"In-person therapy, Teletherapy; ",""Adults, Couples, Families, Groups; Develop greater capacities for personal well-being and relational fulfillment."",
"Julia Gombos","Licensed Marriage & Family Therapist",LMFT,juliagombos@gmail.com,4152509856,,False,"In-person therapy, Teletherapy; ",""Adults, Couples, Families, Teens"",
"Amy Galusha","Licensed Marriage & Family Therapist",LMFT,amygalusha@gmail.com,415.686.0000,https://415.686.0000,True,"In-person therapy, Teletherapy; ",""Adults, Teens"",
"Mary Guzik","Licensed Clinical Social Worker",LCSW,letstalk@counselingabcs.com,9166221554,https://Counselingabcs.com,True,"In-person therapy, Teletherapy; ","""",
"Chris Doorley, The Center for Mindful Psychotherapy","Associate Marriage and Family Therapist",LMFT,chrisdoorley@mindfulcenter.org,415-360-4685,https://doorleytherapy.com/,True,"In-person therapy, Teletherapy; For a limited number of clients I charge on a sliding scale",""Adults, Groups, Teens; HUMANISTIC THERAPY for SLEEP, ANXIETY, BURNOUT & ADHD"",
"Brock Anderson","Licensed Marriage & Family Therapist",LMFT,brocklmft@gmail.com,415-702-0201,https://brockanderson.com,True,"In-person therapy, Teletherapy; For a limited number of clients I charge on a sliding scale",""Adults, Teens; Brock (he/him) is a Registered Associate Marriage and Family Therapist (AMFT 136434) providing psychotherapy to adolescents and adults in Mill Valley and San Francisco, as well as via Zoom for California residents."",
"Alison B. Costa","Licensed Marriage & Family Therapist",LMFT,alisoncostalmft@gmail.com,(415) 269-0104,https://www.alisoncosta.com,True,"Teletherapy; ",""Adults; Since 1992 Alison has created an integrative healing practice that encompasses both traditional and transpersonal psychotherapy blending western depth psychology  with eastern spiritual wisdom."",16189447
"Elizabeth Clark","Licensed Marriage & Family Therapist",LMFT,Elizabeth.Clark.MFT@gmail.com,707.241.4963,https://707.241.4963,True,"In-person therapy, Teletherapy; For a limited number of clients I charge on a sliding scale",""Adults, Couples, Teens; Everyone needs therapy at one time, or another in their life. Please call, or email to find out if I'm the right fit for you."",
"Morgan Howson, Headlands Psychotherapy Group","Licensed Marriage & Family Therapist",LMFT,morgan@headlands.group,(415) 690-9668,https://www.headlands.group,True,"In-person therapy, Teletherapy; For a limited number of clients I charge on a sliding scale",""Adults, Children, Couples, Families, Teens; I offer therapy for individuals, couples and families.  I am certified in EMDR Therapy and trained in Emotionally Focused Couples Therapy.  I am an EMDRIA Approved Consultant and offer individual or group consultation to EMDR Therapists."",
"Adrian Tiller","Licensed Marriage & Family Therapist",LMFT,adriantiller@gmail.com,(415) 408-3741,https://adriantiller.com,True,"In-person therapy, Teletherapy; ",""Adults; Transcend Your Past"",
"Kendall Schwartz","Licensed Marriage & Family Therapist",LMFT,kendalllmft@gmail.com,310-266-3253,,False,"In-person therapy, Teletherapy; ",""Adults, Children, Couples, Families, Teens"",
"H. Ameeta Singh, Healing Change: Therapy & Consulting","Licensed Marriage & Family Therapist",LMFT,ameetasingh@healingchange.org,4152033807,https://www.healingchange.org,True,"In-person therapy, Teletherapy; For a limited number of clients I charge on a sliding scale",""Adults, Couples"",
"Molly Schmidt","Licensed Marriage & Family Therapist",LMFT,mollyschmidt.therapy@gmail.com,(415) 891-0298,https://www.mollyschmidt.com,True,"In-person therapy, Teletherapy; For a limited number of clients I charge on a sliding scale",""Adults, Couples"",
"Gustav Helzberg, Individual Practice","Licensed Marriage & Family Therapist",LMFT,therapywithgustav@gmail.com,(510) 214-2646,https://therapywithgustav.com,True,"In-person therapy, Teletherapy; For a limited number of clients I charge on a sliding scale",""Adults, Children, Families, Teens; Child, adolescent, and adult therapy"",
"Marina Madick","Licensed Marriage & Family Therapist",LMFT,marinamadick@yahoo.com,707 780 24 25,https://www.psychologytoday.com/us/therapists/marina-madick-petaluma-ca/1594335,False,"In-person therapy, Teletherapy; For a limited number of clients I charge on a sliding scale",""Adults, Children, Couples, Families, Teens; Life's challenges—trauma, anxiety, relationship stress, identity concerns, and cultural pressures—can feel overwhelming, but you don't have to navigate them alone. I support individuals, kids, teens, and couples with evidence-based care."",
"Julia Wadsworth","Associate Marriage and Family Therapist",LMFT,jwadsworth@wi.edu,415-302-3837,,False,"","""",
"Bently Anderson","Licensed Marriage & Family Therapist",LMFT,bentlylmft@gmail.com,(510)  804-0366,https://www.startpsychotherapy.com,True,"In-person therapy, Teletherapy; For a limited number of clients I charge on a sliding scale",""Adults, Children, Couples, Teens"",
"Jennifer Gonzalez, By the Bay Health","Associate Clinical Social Worker",LCSW,jennifer@jgogocreative.com,415-608-4714,,False,"Teletherapy; ",""Adults, Groups"",16189447
"Laura Rose","Licensed Marriage & Family Therapist",LMFT,laura@marintherapy.org,(415) 528-2525,https://laurarosetherapy.com,True,"In-person therapy, Teletherapy; For a limited number of clients I charge on a sliding scale",""Adults, Couples, Groups; I use a psychodynamic approach and incorporate EMDR and cognitive therapy into my work with clients dealing with PTSD, complex trauma, mood disorders, dissociative disorders and relationship issues."",
"Louise Zervas Houchin, Flipside Mental Health Services","Licensed Marriage & Family Therapist",LMFT,louisezervas@gmail.com,415-972-9797,https://www.louisehouchinlmft.com/,True,"Teletherapy; For a limited number of clients I charge on a sliding scale",""Adults, Children, Couples, Families, Groups, Teens; Relational style therapy"",16189447
"Megan Jones","Licensed Marriage & Family Therapist",LMFT,mljonestherapy@gmail.com,4154886653,,False,"","""",
"Will Hubert, Sonoma State University","",Unknown,hubertw@sonoma.edu,4152598669,,False,"; ",""Children, Groups, Teens; Working with: Youth, Teens, and Families in outdoor settings; nature-based psychotherapy."",
"Carter Bostwick","Associate Marriage and Family Therapist",LMFT,carterbostwicktherapy@gmail.com,415-658-9950,https://carterbostwick.com,True,"In-person therapy, Teletherapy; For a limited number of clients I charge on a sliding scale",""Adults, Children, Families, Groups, Teens; Supporting teens and adults with ADD/ADHD, anxiety, grief, and life transitions. Using body awareness, creative arts, and nature-based practices to foster healing, self-expression, and self-worth."",
"Stirling Somers","Licensed Marriage & Family Therapist",LMFT,stirling@stirlingtherapy.com,415-737-5053,https://www.stirlingtherapy.com,True,"In-person therapy, Teletherapy; For a limited number of clients I charge on a sliding scale",""Adults, Children, Teens"",
"hilary love","Licensed Marriage & Family Therapist",LMFT,hilarylove.therapist@gmail.com,4154839385,,False,"In-person therapy, Teletherapy; For a limited number of clients I charge on a sliding scale",""Adults, Couples, Teens; Psychodynamic therapist working with individuals, teens, their parents and couples"",
"Justin Frank","Licensed Marriage & Family Therapist",LMFT,justin@justinfranktherapy.com,415-236-0049,https://justinfranktherapy.com,True,"In-person therapy, Teletherapy; For a limited number of clients I charge on a sliding scale",""Adults, Children, Couples, Families, Teens"",
"Meredith Simpson, Wellspring Psychotherapy Center","Licensed Marriage & Family Therapist",LMFT,meredith@wellspring-pc.com,415-300-4055 ext. 56,https://415-300-4055 ext. 56,True,"In-person therapy, Teletherapy; For a limited number of clients I charge on a sliding scale",""Adults, Children, Families, Groups, Teens"",
"Alba Schwerin, SRCS","Licensed Marriage & Family Therapist",LMFT,judy.hernandez7@gmail.com,4157611708,,False,"; For a limited number of clients I charge on a sliding scale","""",
"Alexandra Smith, San Francisco Family Therapy","Associate Marriage and Family Therapist",LMFT,acsmith10@dons.usfca.edu,(415) 335-6381,https://www.sanfranciscofamilytherapy.com/,True,"In-person therapy, Teletherapy; ",""Adults, Couples, Families, Teens"",
"Laura Elliott","Licensed Marriage & Family Therapist",LMFT,laurajelliott777@gmail.com,(415) 464-7902,https://www.lauraelliottmft.com,True,"; ",""Adults, Couples; The heart and emphasis of my work is to help you know and trust your deepest feelings and to live an emotionally authentic life."",
"Ashlyn Acikalin","Associate Professional Clinical Counselor",LPCC,therapy@ashlynacikalin.com,415-580-0149,,False,"In-person therapy, Teletherapy; For a limited number of clients I charge on a sliding scale",""Adults, Teens"",
"Pamela Taylor, Pamela Taylor, LCSW","Licensed Clinical Social Worker",LCSW,pamelataylorlcsw@gmail.com,4157865796,https://www.pamelataylorlcsw.com,True,"In-person therapy, Teletherapy; For a limited number of clients I charge on a sliding scale",""Adults, Children, Families, Teens; Pamela opened her private therapy practice after working with youth and their families in Marin County, California. She specializes in children and adolescents in the areas of emotional regulation, anxiety, depression, school and relationship needs."",
"Lisa Olson","Licensed Marriage & Family Therapist",LMFT,lisaolsonlmft@gmail.com,415-407-1736,,False,"In-person therapy, Teletherapy; ",""Adults, Children, Teens"",
"Suzanne Alfandari, Suzanne Alfandari & Marin Therapy Associates","Licensed Marriage & Family Therapist",LMFT,suzanne@suzannealfandari.com,(415) 456-2259,https://suzannealfandari.com,True,"In-person therapy, Teletherapy; ",""Adults, Children, Groups, Teens; My practice specializes in helping individuals wanting to change. I use EFT/Tapping and Motivational Interviewing to partner with you into reaching your goals."",
"Kyree Klimist","Licensed Marriage & Family Therapist",LMFT,k.klimist@proton.me,510-282-2701,https://www.kklimist.com,True,"Teletherapy; ",""Adults"",16189447
"William Webster","Licensed Clinical Social Worker",LCSW,wwebster@billwebsterlcsw.com,415-320-7939,https://www.billwebsterlcsw.com/,True,"In-person therapy, Teletherapy; ",""Adults; From an early age, I felt a deep curiosity about people and a heartfelt desire to support others through the challenges that life can bring."",
"Renee Miller, LMFT","Licensed Marriage & Family Therapist",LMFT,wisewomanmiller@gmail.com,510-530-3648,https://reneemillercounseling.com,True,"In-person therapy, Teletherapy; For a limited number of clients I charge on a sliding scale",""Adults, Groups, Teens; English"",
"Kathryn Ventry, Peace Within * Anxiety, Trauma & OCD Center","Licensed Marriage & Family Therapist",LMFT,info@peaceandwisdomwithin.com,916-877-6388,https://www.peaceandwisdomwithin.com,True,"In-person therapy, Teletherapy; ",""Adults, Children, Couples, Families, Teens"",
"Courtenay Houk, Courtenay Houk Somatic Therapy","Licensed Marriage & Family Therapist",LMFT,info@courtenayhouksomatictherapy.com,4153601991,https://www.courtenayhouksomatictherapy.com,True,"In-person therapy, Teletherapy; For a limited number of clients I charge on a sliding scale",""Adults, Couples; Somatic and Relational"",
"Tamara Tammaro","Licensed Marriage & Family Therapist",LMFT,info@tamaratammaro.com,(415) 322-9088,https://www.tamaratammaro.com,True,"Teletherapy; ",""Adults"",16189447
"Karen Benjamin","Licensed Marriage & Family Therapist",LMFT,kajefo2003@gmail.com,4155051196,,False,"Teletherapy; For a limited number of clients I charge on a sliding scale",""Adults, Children, Couples, Families, Teens; American Sign Language"",16189447
"Miriam Rubino","Licensed Marriage & Family Therapist",LMFT,miriam.lmft@miriamrubinopsychotherapy.com,415-969-8279,http://www.miriamrubinotherapy.com,True,"In-person therapy, Teletherapy; For a limited number of clients I charge on a sliding scale",""Adults, Children, Teens; Approachable, compassionate, culturally competent Mindful Therapy incorporating Somatic, Expressive Arts & EMDR."",
"irina slutsky","Licensed Marriage & Family Therapist",LMFT,irinaski@gmail.com,650-731-5084,,False,"Teletherapy; For a limited number of clients I charge on a sliding scale",""Adults, Children, Couples, Families, Teens"",16189447
"Ashley Wood","Licensed Clinical Social Worker",LCSW,ashleywoodlcsw@gmail.com,(415) 496-6478,https://www.thelifesupportproject.com,True,"In-person therapy, Teletherapy; For a limited number of clients I charge on a sliding scale",""Families"",
"Jacob Brown","Licensed Marriage & Family Therapist",LMFT,jacob@jbamft.com,415 689-8700,https://www.jbamft.com,True,"Teletherapy; For a limited number of clients I charge on a sliding scale",""Adults, Couples; I work with couples to strengthen their connection, work through infidelity,  revitalize their sex life, and get back to working together as a team."",16189447
"Marianne Stefancic","Licensed Marriage & Family Therapist",LMFT,mariannestefancic@gmail.com,415 453 5383,,False,"Teletherapy; ",""Adults"",16189447
"Jennifer Cappelletti","Licensed Marriage & Family Therapist",LMFT,jennifer.cappelletti12@gmail.com,4154966584,,False,"In-person therapy, Teletherapy; For a limited number of clients I charge on a sliding scale",""Adults, Children, Couples, Teens"",
"Larry Fritzlan, Larry Fritzlan Recovery Services and Family Counseling, Inc.","Licensed Marriage & Family Therapist",LMFT,fritzlan@comcast.net,(415) 945-0923,https://Www.larryfritzlan.com,True,"In-person therapy; ",""Families; Addiction/Codependency Treatment"",16189448
"Jeannette Harroun","Licensed Marriage & Family Therapist",LMFT,jeannette@bayarea-counseling.com,925-890-7478,https://www/bayarea-counseling.com,True,"In-person therapy, Teletherapy; ",""Children, Families, Teens"",
"Daniela Dominguez, On the Margins","Psychologist",PsyD,danny@onthemargins.com,415-212-9064,https://www.onthemargins.com,True,"In-person therapy, Teletherapy; For a limited number of clients I charge less than $50 per session",""Adults, Children, Couples, Families, Groups, Teens"",
"George Kolcun","Licensed Marriage & Family Therapist",LMFT,gkolcunmft@gmail.com,415-810-7085,https://www.GeorgeKolcunMFT.com,True,"In-person therapy, Teletherapy; For a limited number of clients I charge on a sliding scale",""Adults, Couples, Teens; George Kolcun, MFT provides psychotherapy sessions for adults, couples and adolescents to address a wide range of emotional and relational challenges."",
"Patrizia Nader, Axis mundi center for mental health","Associate Marriage and Family Therapist",LMFT,Patrizianader@gmail.com,415-870-2308,https://Www.patrizianader.com,True,"In-person therapy, Teletherapy; For a limited number of clients I charge on a sliding scale",""Adults, Children, Couples, Families, Teens; I specialize in trauma & intergenerational trauma — patterns that repeat across generations. I work with children, teens, and adults and families who are navigating anxiety, depression, grief, or identity challenges."",
"Maisha Weinstein, Private Practice","Licensed Marriage & Family Therapist",LMFT,maisha@weinsteintherapy.com,(510) 239-3323,https://www.weinsteintherapy.com,True,"In-person therapy, Teletherapy; For a limited number of clients I charge on a sliding scale",""Adults, Couples, Families, Groups, Teens; I can help you feel better."",
"Ashley Travis","Associate Marriage and Family Therapist",LMFT,ashleytravistherapy@gmail.com,415.735.4327,https://415.735.4327,True,"In-person therapy, Teletherapy; For a limited number of clients I charge on a sliding scale",""Adults, Couples, Groups, Teens"",
"Michael Dickman","Licensed Marriage & Family Therapist",LMFT,mdickmanlmft@gmail.com,415-595-9454,https://michaeldickmanmft.com,True,"In-person therapy, Teletherapy; For a limited number of clients I charge on a sliding scale",""Adults, Children, Couples, Families, Groups, Teens"",
"Cherry (Cheryl) Jones","Licensed Marriage & Family Therapist",LMFT,cherryjonesmft@gmail.com,(415) 381-5889,https://w.w.w.lighteningheart.com,True,"In-person therapy, Teletherapy; ",""Adults, Children, Couples, Families, Groups; I work holistically with clients, taking into consideration the integration of mind and body and a person's 'humaness'. I also give trainings and supervise the next generation of therapists"",
"Jessica Turner","Licensed Marriage & Family Therapist",LMFT,jessicattherapy@gmail.com,415-578-0881,,False,"Teletherapy; For a limited number of clients I charge on a sliding scale",""Adults, Couples, Families; Individual and Couples Therapy with an integrative lens incorporating relational, humanistic and psychodynamic perspectives."",16189447
"Pamela Rosin, ReParentive Therapy","Licensed Marriage & Family Therapist",LMFT,therapist@pamelarosin.com,5102146507,https://www.ReParentiveTherapy.com,True,"In-person therapy, Teletherapy; For a limited number of clients I charge on a sliding scale",""Adults, Groups; Pamela is the founder of ReParentive™ Therapy. She offers trainings for therapists and groups for people who grew up in invalidating environments, such as with a loved one with Borderline Personality Disorder."",
"Shannon Navarro, Private Practice","Licensed Marriage & Family Therapist",LMFT,NavarroMFT@gmail.com,415-938-4496,https://www.shannonmft.com,True,"In-person therapy, Teletherapy; ",""Adults, Couples; I work with individuals and couples on issues related to relationships, trauma, anxiety, grief and loss."",
"Richard Engebrecht","Licensed Marriage & Family Therapist",LMFT,rengebrechtmft@gmail.com,(415) 289-6800,,False,"Teletherapy; For a limited number of clients I charge on a sliding scale",""Adults, Couples; Richard Engebrecht is a licensed Marriage and Family Therapist who enjoys working with young adults(17 and older), as well as individual and couples."",16189447
"Wendy Kirk","Licensed Marriage & Family Therapist",LMFT,wendyakirk@comcast.net,(415) 453-6139,,False,"; For a limited number of clients I charge on a sliding scale",""Adults, Couples"",
"Ashley Goldsmith Buttner, Practice San Francisco","Licensed Marriage & Family Therapist",LMFT,ashley.goldsmithbuttner@practicesanfrancisco.com,4152343689,https://www.practicesanfrancisco.com,True,"In-person therapy, Teletherapy; ",""Adults, Children, Teens; Therapist supporting anxious and/or neurodivergent children/teens and their parents"",
"Anne Danberg","Licensed Marriage & Family Therapist",LMFT,connecting@anniedanberg.com,(415) 322-8984,https://Marinarttherapy.com,True,"In-person therapy; For a limited number of clients I charge on a sliding scale",""I use the creative arts, depth psychotherapy and a compassionate mindful approach to working with your inner and outer difficulties"",16189448
"Dan Kalb","Psychologist",PsyD,dkalb@icloud.com,(415) 925-8511 x2,http://www.cbtmarin.com,True,"In-person therapy, Teletherapy; ",""Adults, Couples, Groups; I specialize in treating anxiety disorders, especially panic, phobias & OCD.  I’m one the very few Marin therapists who accompanies clients out into the “real world” to help them face their fears."",
"Diane Cruz, Pacifica Graduate Institute","Associate Professional Clinical Counselor",LPCC,dianecruz66@gmail.com,7078363175,,False,"; ",""Adults; Bicultural, biracial therapist with a therapeutic approach from a humanistic and person perspective"",
"Shira Appell, LoveSong Psychotherapy","Licensed Marriage & Family Therapist",LMFT,shiraappelltherapy@gmail.com,4159422459,https://shiraappelltherapy.com,True,"In-person therapy, Teletherapy; For a limited number of clients I charge on a sliding scale",""Adults, Couples, Families, Teens"",
"Bartholomew Kovacs, Gatewood Therapy","Licensed Marriage & Family Therapist",LMFT,bart@gatewoodtherapy.com,4152128685,http://www.gatewoodtherapy.com,True,"Teletherapy; For a limited number of clients I charge on a sliding scale",""Adults, Couples, Families, Teens; Gatewood Therapy offers Individual, Couples, and Family Therapy to those located in Californai."",16189447
"Kurt Wagner","Licensed Marriage & Family Therapist",LMFT,kurtsf@mac.com,4155043130,https://kurtsf.com,True,"In-person therapy, Teletherapy; ",""Adults, Couples, Groups"",
"Dorothy Jane Walter","Licensed Marriage & Family Therapist",LMFT,janewaltermft@gmail.com,4154334633,https://couplestherapycollective.com,True,"Teletherapy; For a limited number of clients I charge on a sliding scale",""Adults, Couples"",16189447
"Laurie Buntain, Marin Financial Therapy","Licensed Marriage & Family Therapist",LMFT,laurieb@prodigy.net,(415) 721-9555,https://www.marinfinancialtherapy.com,True,"Teletherapy; For a limited number of clients I charge less than $50 per session",""Adults, Couples, Families, Groups"",16189447
"Melinda Cuthbert, DNP/PMHNP, Integrated Neuropsych","",Unknown,melinda_cuthbert@yahoo.com,4158888000,,False,"In-person therapy, Teletherapy; For a limited number of clients I charge on a sliding scale",""Adults, Children, Groups, Teens; Medication management and psychotherapy"",
"Olivia Benesch","Associate Marriage and Family Therapist",LMFT,oliviabeneschmft@gmail.com,4157375047,https://www.oliviabenesch.com,True,"Teletherapy; For a limited number of clients I charge less than $50 per session, For a limited number of clients I charge on a sliding scale",""Adults, Children, Couples, Teens; Supporting you through pregnancy loss, fertility struggles, and all the tender, complicated moments along the path of parenthood."",16189447
"Mary Christy-Cirillo, Private Practice MFT","Licensed Marriage & Family Therapist",LMFT,marymec33@yahoo.com,(415) 613-6590,,False,"Teletherapy; For a limited number of clients I charge on a sliding scale",""Adults, Couples, Groups, Teens"",16189447
"Renee Owen","Licensed Marriage & Family Therapist",LMFT,reneeowen@sbcglobal.net,(415) 847-1353,https://therapists.psychologytoday.com/183422,False,"Teletherapy; For a limited number of clients I charge on a sliding scale",""Adults, Groups; Specializing in Individual, Couples, Group Therapy and Consultation. Approach includes supportive mix of Integrative, Depth, Solution-focused, Existential, Transpersonal, BrainSpotting & Enneagram. 4-6 Groups."",16189447
"Heather Johnson, Heather Johnson Therapy","Licensed Marriage & Family Therapist",LMFT,heatherjohnsontherapy@gmail.com,415-413-3925,,False,"In-person therapy, Teletherapy; For a limited number of clients I charge on a sliding scale",""Adults, Couples, Families, Groups, Teens"",
"Anne Asch, Asch Therapy Group","Licensed Marriage & Family Therapist",LMFT,annie@aschtherapygroup.com,415-721-9988,https://www.aschtherapygroup.com,True,"In-person therapy, Teletherapy; For a limited number of clients I charge on a sliding scale",""Adults, Couples; Certified Emotionally Focused Therapist and Supervisor & Certified EMDR Therapist"",
"Kiersten Kotaka, Marin Youth Therapy","Licensed Marriage & Family Therapist",LMFT,info@marinyouththerapy.com,415-966-3007,https://www.marinyouththerapy.com,True,"In-person therapy, Teletherapy; ",""Children, Families, Teens"",
"Gretchen Hoskins, MARIN THERAPY CENTER","Licensed Marriage & Family Therapist",LMFT,marintherapy@yahoo.com,(415) 924-7186,,False,"Teletherapy; ",""Adults; Specialist in treating relationship issues.  Therapy for permanent change, for both individuals and couples."",16189447
"Sara Moss, Marin Stress & Anxiety Center, Heart & Mind Equine","Associate Marriage and Family Therapist",LMFT,sara@marinstressanxietycenter.com,415-580-0585,https://marinstressanxietycenter.com/,True,"In-person therapy, Teletherapy; For a limited number of clients I charge on a sliding scale",""Adults, Children, Couples, Families, Groups, Teens; Integrative, Trauma Focused via Equine Assisted Therapy/Telehealth/In-Person"",
"Anne Mayer, BACR","Associate Marriage and Family Therapist",LMFT,4annemayer@gmail.com,(415) 806-0353,,False,"In-person therapy; ",""Children"",16189448
"Madeline Fox, Private Practice","Licensed Marriage & Family Therapist",LMFT,hello@madelinefox.com,5038521161,https://madelinefox.com,True,"Teletherapy; ",""Adults, Couples; I enjoy working with folks who want to improve their relationship to themselves and the people around them."",16189447
"Lynn Ervin, Lynn Ervin Psychotherapy","Licensed Clinical Social Worker",LCSW,lynnervinlcsw@gmail.com,(415) 307-3669,https://www.Lynnervin.com,True,"Teletherapy; For a limited number of clients I charge on a sliding scale",""Adults; Feeling overwhelmed or experiencing trauma, we often develop coping skills that may no longer be serving us. It is my role to help you realign with your strengths and wisdom so you can move forward."",16189447
"Liz Dietrich","Licensed Clinical Social Worker",LCSW,liz.dietrich.lcsw@gmail.com,650-799-3850,,False,"Teletherapy; ",""Adults, Couples, Groups, Teens"",16189447
"Dana Leigh","Licensed Marriage & Family Therapist",LMFT,danaleighmft@gmail.com,4152598264,,False,"Teletherapy; For a limited number of clients I charge on a sliding scale",""Adults, Couples"",16189447
"Robin Joy Berenson","Licensed Marriage & Family Therapist",LMFT,rjberenson@cipmarin.org,(415) 459-5999 ext. 100,https://(415) 459-5999 ext. 100,True,"; For a limited number of clients I charge on a sliding scale","""",
"Deanna Bernard, Deanna Bernard, LCSW","Licensed Clinical Social Worker",LCSW,TeletherapyLCSW@protonmail.com,707-749-0022,https://www.deannabernard.com/,True,"Teletherapy; For a limited number of clients I charge on a sliding scale",""Adults, Couples, Families, Groups; I have a private practice that offers sessions in the evening hours to accommodate parents of small children, working individuals or families who need later therapy session hours. I work with adults, couples, and groups from teen to senior age."",16189447
"Rose Carr, Somatic Therapy of Marin","Associate Marriage and Family Therapist",LMFT,rose@somatictherapymarin.com,4153089729,https://somatictherapymarin.com,True,"In-person therapy, Teletherapy; For a limited number of clients I charge on a sliding scale",""Adults, Children, Couples, Families, Groups, Teens"",
"Maria Willett, The Wellbeing Collective","Licensed Marriage & Family Therapist",LMFT,mariawillettpsychotherapy@gmail.com,‪(415) 580-2933‬,https://mariawillett.com/,True,"In-person therapy, Teletherapy; For a limited number of clients I charge on a sliding scale",""Adults, Couples, Families, Groups; I work from a trauma-informed, relational, and client-centered lens, often integrating psychodynamic and attachment-based theoretical approaches. In short, I believe the relationship we build as client and therapist, as well as exploring your relatio"",
"Julie Hingsbergen, Reframe CBT","Licensed Marriage & Family Therapist",LMFT,julie@reframecbt.com,415-326-3850,https://www.reframecbt.com,True,"In-person therapy, Teletherapy; ",""Adults, Children, Teens; Cognitive Behavioral Therapy for teens and adults. Learn more at www.reframecbt.com"",
"Christina Vogelsohn, Hope International University","",Unknown,christina.vogelsohn@hiu.edu,5622349691,,False,"; ",""Adults, Groups, Teens; Faith-driven MFT student devoted to helping others find healing and restoration through grace, empathy, and authentic connection."",
"Lance Middleton","Psychiatrist",MD,psychMD@lancemiddleton.com,707-504-9982,https://www.lancemiddleton.com,True,"In-person therapy, Teletherapy; ",""Adults"",
"Kimberly Parsons","Licensed Marriage & Family Therapist",LMFT,1pimscup@gmail.com,415-860-5242,https://KPARSONSMFT.info,True,"In-person therapy, Teletherapy; ",""Children, Couples, Families, Teens"",
"","Associate Professional Clinical Counselor",LPCC,,,,False,"","""",
"Jennifer Kresge, JENNIFER KRESGE, MEDIATION, TRAINING & COUNSELING SERVICES","Licensed Marriage & Family Therapist",LMFT,jdkresge@gmail.com,707-246-9797,https://www.mediate.com/jenniferkresge,True,"Teletherapy; ",""Adults, Children, Couples, Families, Groups, Teens"",16189447
"Lynn Greenwald, Jewish Big Brothers Big sisters","Licensed Marriage & Family Therapist",LMFT,lyngrn@aol.com,310 344 5467,,False,"","""",
"Nolan Ellis, Self Employed","Licensed Marriage & Family Therapist",LMFT,Nolanbrianellis@gmail.com,4153022344,https://Nolanetherapy.com,True,"In-person therapy, Teletherapy; For a limited number of clients I charge on a sliding scale",""Adults, Couples, Teens"",
"Regina Matthew, de la Rosa Psychotherpists","",Unknown,reginamatthewmft@gmail.com,415.323.5810,https://415.323.5810,True,"In-person therapy, Teletherapy; ",""Adults, Couples, Teens"",
"Barbara Gosselin","Licensed Marriage & Family Therapist",LMFT,barbara_gosselin_mft@yahoo.com,415-910-4464,,False,"; For a limited number of clients I charge on a sliding scale","""",
"Tammie Grant","Licensed Marriage & Family Therapist",LMFT,tammieg99@gmail.com,(415) 799-7252,https://www.tammiegrant.org,True,"; For a limited number of clients I charge on a sliding scale",""My practice is focused on individuals/couples who have been affected by traumatic events in life and who are suffering in their lives today due to these events."",
"Marv Zauderer","Licensed Marriage & Family Therapist",LMFT,marv@therapywithmarv.com,415-320-6610,http://therapywithmarv.com,True,"In-person therapy, Teletherapy; For a limited number of clients I charge on a sliding scale",""Adults, Couples, Families; Interactive, attuned, change-focused therapy: Collaboration and tools for a fulfilling life"",
"Jenny Cardona, Dominican University Of California","",Unknown,jennycardona19@gmail.com,415-306-3947,,False,"In-person therapy, Teletherapy; ",""Adults"",
"Anna Carr","",Unknown,annaharrah@yahoo.com,415-533-7300,,False,"","""",
"Grace Canton","Licensed Marriage & Family Therapist",LMFT,amygrace3@comcast.net,415-302-2835,,False,"In-person therapy, Teletherapy; For a limited number of clients I charge on a sliding scale",""Adults, Children, Families, Teens"",
"Peter Sadler","Licensed Marriage & Family Therapist",LMFT,sadler.peter@gmail.com,4155627819,https://www.petersadlermft.com,True,"Teletherapy; For a limited number of clients I charge on a sliding scale",""Adults, Couples, Families; Emotionally Focused Therapy for Couples, Individuals and Families"",16189447
"Mary Roy","Licensed Marriage & Family Therapist",LMFT,maryroymft@gmail.com,9253609928,,False,"Teletherapy; For a limited number of clients I charge on a sliding scale",""Adults, Couples, Families, Teens; Experienced therapist with a strong theoretical background and a personal approach."",16189447
"Amy Logan, Sacred Path Holistic Therapy","",Unknown,amy@amylogan.com,949-637-9620,https://www.psychologytoday.com/us/therapists/amy-logan-pismo-beach-ca/944693,False,"Teletherapy; ",""Adults, Couples, Families; An invitation to transcendence"",16189447
"Sarah Fowler","Licensed Marriage & Family Therapist",LMFT,sarahfowleramft@gmail.com,(415) 935-4718,,False,"In-person therapy, Teletherapy; For a limited number of clients I charge on a sliding scale",""Adults, Couples, Teens"",
"Nancy Culhane, Nancy Culhane, Board Certified Telemental Health Provider, LMFT","Licensed Marriage & Family Therapist",LMFT,nancy@nancyculhane.com,415-903-5252,https://www.nancyculhane.com,True,"Teletherapy; For a limited number of clients I charge on a sliding scale",""Adults, Couples; Nancy Culhane has worked with individuals, couples and families for over 30 years. Her collaborative problem solving approach helps people in conflict  find better balance and peace."",16189447
"Adam Cohen","Licensed Marriage & Family Therapist",LMFT,acohenmft@gmail.com,415-967-3620,https://www.adamcohenmft.com,True,"Teletherapy; For a limited number of clients I charge on a sliding scale",""Adults"",16189447
"Grace Godino","Licensed Marriage & Family Therapist, Licensed Professional Clinical Counselor",LMFT,grace@gracegodino.com,415-949-7631,https://Gracegodino.com,True,"Teletherapy; For a limited number of clients I charge on a sliding scale",""Adults, Couples; Catch your Balance"",16189447
"Susan C Terris","Licensed Marriage & Family Therapist",LMFT,SusancterrisLMFT@Proton.Me,510-200-8470,,False,"Teletherapy; ",""Adults, Families; Telehealth therapy provided by therapist experienced in PHP/IOP transitions after hospitalizations as well as recovery from anxiety and depression."",16189447
"Caty McKenna, Dominican University of California","",Unknown,caty.mckenna@students.dominican.edu,4153023249,,False,"In-person therapy, Teletherapy; ","""",
"Sasha Georgeson","Licensed Marriage & Family Therapist",LMFT,georgesonsasha@gmail.com,650-336-5488,https://Sashageorgeson.com,True,"Teletherapy; For a limited number of clients I charge on a sliding scale",""Adults, Children, Couples, Families, Groups, Teens"",16189447
"Susan Regan, Solutions: Therapy and Mediation","Licensed Marriage & Family Therapist",LMFT,susanmreganmft@gmail.com,(510) 883-9312,http://solutionstherapyandmediation.com/,True,"; For a limited number of clients I charge on a sliding scale","""",
"Louise Love, Dominican University of California","",Unknown,louise.love@students.dominican.edu,555-555-5555,,False,"","""",
"Cynthia Vergara","Licensed Marriage & Family Therapist",LMFT,cynthiagillen@gmail.com,(415) 870-4281,https://cynthiavergaramft.com,True,"In-person therapy, Teletherapy; ",""Adults, Teens; I have worked in a variety of settings over 16 years in this field. I feel that the relationship and the trust between a therapist and client are essential for positive outcomes in therapy."",
"Kiri Maura McCart","Associate Professional Clinical Counselor",LPCC,kiri@kirimaura.com,7078618549,https://www.kirimaura.com,True,"In-person therapy, Teletherapy; For a limited number of clients I charge on a sliding scale",""Adults"",
"Amy Cosby-Frost","Licensed Marriage & Family Therapist",LMFT,amycosbyfrost@gmail.com,(415) 713-6453,https://www.amycosbyfrost.com,True,"In-person therapy, Teletherapy; ",""Adults, Couples, Teens"",
"Holly Seerley","Licensed Marriage & Family Therapist",LMFT,hseerley@aol.com,(415) 383-6656,,False,"In-person therapy, Teletherapy; For a limited number of clients I charge on a sliding scale",""Adults, Children, Couples, Families, Groups, Teens; Longing to deepen your relationships? On the brink of addressing long-standing challenges? Or ADHD questions? Or, parenting stressing you?"",
"Dorie Rosenberg, Marin CAMFT","Licensed Marriage & Family Therapist",LMFT,dorie.mft@gmail.com,(415) 492-9850,https://www.dorierosenberg.com,True,"In-person therapy, Teletherapy; For a limited number of clients I charge on a sliding scale",""Adults; Compassionate, experienced therapist"",
"Suzan Taylor, BACR","Associate Marriage and Family Therapist",LMFT,suzan.anderson44@gmail.com,415-307-4431,,False,"",""Children, Teens"",
"Maria Lourdes Quesada, Private Practice","Licensed Marriage & Family Therapist",LMFT,lourdes.quesada@usa.net,4155171309,,False,"In-person therapy, Teletherapy; For a limited number of clients I charge on a sliding scale",""Adults, Children, Couples, Teens"",
"Roberta Vinck, Camft","Licensed Marriage & Family Therapist",LMFT,vinck@att.net,707-373-9978,,False,"; For a limited number of clients I charge on a sliding scale","""",
"Sarah Janoff-Brinn","Licensed Clinical Social Worker",LCSW,sarah@sarahjanoffbrinnlcsw.com,415-228-6917,https://www.sarahjanoffbrinnlcsw.com,True,"In-person therapy, Teletherapy; For a limited number of clients I charge on a sliding scale",""Adults, Families, Teens; I am a Licensed Clinical Social Worker and I have extensive experience working with children, adolescents, adults, and families for over ten years."",
"Marion Barnett","Licensed Marriage & Family Therapist",LMFT,presentlifecounselingofmarin@gmail.com,4154640531,https://Presentlifecounselingofmarin.com,True,"In-person therapy; ",""Adults, Couples; Psychotherapy for adults, couples and elders"",16189448
"Marty Cooper, Private practice","Licensed Marriage & Family Therapist",LMFT,martycooper@yahoo.com,4159371620,https://www.mlcooper.com,True,"In-person therapy, Teletherapy; For a limited number of clients I charge on a sliding scale",""Adults; Integrative, mindfulness and somatic oriented adult psychotherapy"",
"Bethany Van Dyke","Licensed Marriage & Family Therapist",LMFT,bvandykemft@hotmail.com,415-637-2436,,False,"In-person therapy, Teletherapy; For a limited number of clients I charge on a sliding scale",""Adults, Children, Families, Teens"",
"Cynthia Stanley","Licensed Marriage & Family Therapist",LMFT,cynstan61@gmail.com,415-924-1670,,False,"Teletherapy; ","""",16189447
"Karen Rachels","Licensed Marriage & Family Therapist",LMFT,karenrachels@gmail.com,(510) 861-7225,https://www.karenrachels.com,True,"; ",""I train therapists in Somatic Attachment Therapy through individual and group consultation. My workbook, ""Body, Brain, Love: A Therapist's Workbook for Affect Regulation and Somatic Attachment,"" is available."",
"Joyce Thomson","Licensed Marriage & Family Therapist",LMFT,joycethomson66@gmail.com,(415) 384-0953,,False,"In-person therapy, Teletherapy; For a limited number of clients I charge on a sliding scale",""Adults"",
"Justine Reese","Licensed Marriage & Family Therapist",LMFT,justine@justinereeselmft.com,(415) 702-0212,,False,"In-person therapy, Teletherapy; For a limited number of clients I charge on a sliding scale",""Adults, Couples, Families, Teens"",
"Lisa Dobias, Lisa Dobias LMFT","Licensed Marriage & Family Therapist",LMFT,ldobias1@comcast.net,(415) 254-2851,https://lisadobiaslmft.com,True,"; For a limited number of clients I charge on a sliding scale",""Adults, Couples, Teens; I work with individuals, couples, teens and elders who would like to see their challenges in a new light."",
"Angela Luna, Angela Luna Therapy","Licensed Marriage & Family Therapist",LMFT,luna@angelalunatherapy.com,5109923492,https://angelalunatherapy.com,True,"In-person therapy, Teletherapy; ",""Adults; Angela Luna, JD, LMFT, offers art therapy for trauma, expressive arts therapy, EMDR, and Brainspotting in San Pablo and Marin, blending holistic trauma healing with creativity and compassion."",
"Jennifer Couture, Child Therapy Marin","Licensed Marriage & Family Therapist",LMFT,jcouturemft@gmail.com,(415) 578-0588,https://www.ChildTherapyMarin.com,True,"In-person therapy; For a limited number of clients I charge on a sliding scale",""Children; Therapeutic support specializing in children, families and parents, as well as loved ones of those living with mental illness."",16189448
"Deborah Dueñas, GrowTherapy.com","Licensed Marriage & Family Therapist",LMFT,debbieduenasmft@gmail.com,415-250-7028,https://provider.growtherapy.com/book-appointment?id=13040&amp;ref=prov,True,"In-person therapy, Teletherapy; For a limited number of clients I charge on a sliding scale",""Adults; Providing psychotherapy via the Grow Therapy and Headway platforms to adults with a variety of diagnoses."",
"Betsy Russell, LMFT","Licensed Marriage & Family Therapist",LMFT,info@betsyrusselltherapy.com,(415) 488-5495,https://betsyrusselltherapy.com,True,"In-person therapy, Teletherapy; For a limited number of clients I charge on a sliding scale",""Adults, Children, Teens"",
"Kim Burris, The Holistic Counseling Center","Licensed Marriage & Family Therapist",LMFT,kim@kimburris.com,4153223134,https://www.kimburris.com,True,"In-person therapy, Teletherapy; For a limited number of clients I charge on a sliding scale",""Adults, Teens; Holistic Spiritual Psychotherapist"",
"Kim Baker","Licensed Marriage & Family Therapist",LMFT,kbkabaker@gmail.com,(415) 721-2811,,False,"; For a limited number of clients I charge on a sliding scale","""",
"Consuelo Sandoval Rivas","Associate Marriage and Family Therapist",LMFT,csandovalr14@gmail.com,7075401797,,False,"; ",""Adults"",
"Josephine Peltz","",Unknown,josiepeltz@me.com,4157172447,,False,"In-person therapy, Teletherapy; ","""",
"Ilene Wolf, Affinity Counseling","Licensed Marriage & Family Therapist",LMFT,ilene@ilenewolf.com,(415) 420-3619,https://www.IleneWolf.com,True,"In-person therapy, Teletherapy; For a limited number of clients I charge on a sliding scale",""Adults, Children, Couples, Families, Groups, Teens; I see the best in you."",
"Louis Dangles","Licensed Marriage & Family Therapist",LMFT,louisdangles@gmail.com,(415) 454-2722,https://armstrongdanglesmarintherapy.com,True,"; ","""",
"Marianne Vernacchia","Licensed Marriage & Family Therapist",LMFT,mvernacchia@sbcglobal.net,408-266-7826, ext. 307,https://408-266-7826, ext. 307,True,"; ","""",
"Lisa Kift","Licensed Marriage & Family Therapist",LMFT,lisa@marintherapyandcounseling.com,(415) 261-7143,https://www.marintherapyandcounseling.com,True,"; For a limited number of clients I charge on a sliding scale",""Emotional and relationship health for individuals and couples."",
"Jeremy Hsu, A Good Place Therapy","Associate Marriage and Family Therapist",LMFT,jerhsu1@gmail.com,4153292882,,False,"In-person therapy, Teletherapy; ",""Adults, Couples, Teens"",
"Ali Vogt, MFT","Licensed Marriage & Family Therapist",LMFT,ali@alivogt.com,510-527-1918,https://www.alivogt.com,True,"; For a limited number of clients I charge on a sliding scale",""Adults"",
"Deborah Sarvis McNeil, Private Practice, Community Counseling","Licensed Marriage & Family Therapist",LMFT,debmcneil.mft@gmail.com,(415) 328-5970,https://www.debmcneilmft.com,True,"; For a limited number of clients I charge on a sliding scale","""",
"Sara Olkon, Clarity Relationship Therapy","Licensed Clinical Social Worker",LCSW,sara@clarityrelationshiptherapy.com,312-685-2890,https://www.clarityrelationshiptherapy.com/,True,"In-person therapy, Teletherapy; For a limited number of clients I charge on a sliding scale",""Adults, Couples; I lead with compassion and curiosity, taking a collaborative and strength-based approach to client care."",
"Russell Hendlin","Licensed Marriage & Family Therapist",LMFT,rusty@hendlin.org,(415) 233-0788,https://www.hendlin.org,True,"; For a limited number of clients I charge on a sliding scale",""Individual and Family Therapy with Wisdom and Compassion"",
"Jennie Oppenheimer","Licensed Marriage & Family Therapist",LMFT,jennieoppenheimer11@gmail.com,415 601-8444,,False,"In-person therapy, Teletherapy; ",""Adults, Children, Couples, Families, Teens"",
"Dan Neuharth PhD MFT, Marin Psychotherapy and Couples Counseling Dan Neuharth PhD MFT","Licensed Marriage & Family Therapist",LMFT,drdann415@gmail.com,(415) 925-9110,https://www.DrDanMFTCounseling.com,True,"Teletherapy; ",""Adults, Couples; Supportive Individual Psychotherapy and Couples Counseling in Marin"",16189447
"Cameron Osborne, Jung Institute of San Francisco","Licensed Marriage & Family Therapist",LMFT,rcosborne_1@hotmail.com,415 320 3725,https://cameronosbornemft.com,True,"In-person therapy, Teletherapy; For a limited number of clients I charge on a sliding scale",""Adults"",
"Stephanie Scarpello","",Unknown,stephlando@comcast.net,4152259261,,False,"; ","""",
"Robyn McKenzie, Robyn McKenzie, LMFT","Licensed Marriage & Family Therapist",LMFT,robyn@robynmckenziemft.com,(209) 968-5322,https://www.robynmckenziemft.com/,True,"In-person therapy, Teletherapy; For a limited number of clients I charge on a sliding scale",""Adults, Children, Couples, Families, Teens; I have been working with clients since 2014, and my passion is to support my clients in gaining insight into their thoughts, feelings, experiences, and behaviors in order to effect lasting change and move toward a more satisfying life."",
"Adrienne Hart","Licensed Marriage & Family Therapist",LMFT,ahartmft@gmail.com,4153020922,,False,"Teletherapy; ",""Adults, Couples"",16189447
"Dylan Kersh","Licensed Marriage & Family Therapist",LMFT,dylankersh@gmail.com,510-4859782,https://www.dylankersh.com,True,"; For a limited number of clients I charge on a sliding scale",""see my website for more information. www.dylankersh.com"",
"Paula Mierzejewski","Licensed Marriage & Family Therapist",LMFT,paulam.mft@gmail.com,415-419-4705,,False,"In-person therapy, Teletherapy; For a limited number of clients I charge on a sliding scale",""Adults, Children, Teens"",
"Ashley Goldsmith Buttner, Ashley Goldsmith Buttner LMFT","Licensed Marriage & Family Therapist",LMFT,ashleygoldsmithbuttner.lmft@gmail.com,510-473-7280,https://www.ashleygoldsmithbuttnerlmft.com,True,"In-person therapy, Teletherapy; ",""Children, Teens; Therapist supporting anxious and/or neurodivergent children & teens, and their parents"",
"Linda Katz, Center for Creative Growth","Licensed Marriage & Family Therapist",LMFT,linda@creativegrowth.com,510-527-2100,,False,"Teletherapy; ","""",16189447
"Lauren Bock","Licensed Marriage & Family Therapist",LMFT,lauren.branchingouttherapy@gmail.com,415-252-4810,https://branchingouttherapy.com,True,"Teletherapy; For a limited number of clients I charge on a sliding scale",""I offer client-centered therapy online. Please visit my website for more information about me and my work. Thank you!"",16189447
"Jennifer Dunn","Licensed Marriage & Family Therapist",LMFT,jennifer@jenniferdunntherapy.com,510-680-3585,,False,"In-person therapy, Teletherapy; ",""Adults, Children"",
"Jessica Pinto","Licensed Marriage & Family Therapist",LMFT,jesskpinto@gmail.com,(415) 295-2210,https://www.equinicitymarin.com,True,"In-person therapy; ",""Adults, Groups; Equine Assisted Psychotherapy"",16189448
"Sheila Lynch, Sheila Lynch, Psychotherapist and women’s empowerment","Licensed Clinical Social Worker",LCSW,sheilaflynch70@sbcglobal.net,4153220682,https://Sheilalynchtherapy.com,True,"In-person therapy, Teletherapy; For a limited number of clients I charge on a sliding scale",""Adults, Couples, Teens; 13 Psychotherapy years of experience as a no-bullshit, empathetic, compassionate collaborator. Together we explore how your conditioning informs current relationship patterns and behaviors that no longer may be serving you."",
"Jennifer Roy, The Connective","Licensed Marriage & Family Therapist",LMFT,jenroysma@gmail.com,(415) 632-1010,http://www.theconnective.com/,True,"In-person therapy, Teletherapy; For a limited number of clients I charge less than $50 per session, For a limited number of clients I charge on a sliding scale",""Adults, Children, Couples, Families, Groups, Teens; Clients who work with me are looking for a deeper connection to themselves, to others, and to the world around them. My clients appreciate how I provide a safe and healing space where they can be their most authentic self without judgment."",
"Anne Lise Delgado, University of San Francisco","",Unknown,annelisedelgado@gmail.com,5415312341,,False,"In-person therapy; ",""Teens"",16189448
"Tara D'Orazio","Licensed Marriage & Family Therapist",LMFT,tara@athenacounseling.com,(707) 992-5008,https://www.athenacounseling.com,True,"Teletherapy; ",""Adults; Focused on trauma resolution for sexual assault survivors and courage boosting for anxiety sufferers. Accepting Partnership Health Plan. EMDR, IFS, and CBT."",16189447
"Sam Himelstein, Family Spring Psychology, P.C.","Psychologist",PsyD,sam@myfamilyspring.com,510-210-3640,https://myfamilyspring.com,True,"In-person therapy, Teletherapy; ",""Adults, Children, Teens"",
"Dee Moffett, Dee Moffett, MA LMFT","Licensed Marriage & Family Therapist",LMFT,deemoffetttherapy@gmail.com,(415) 377-7308,https://www.deemoffett.com,True,"Teletherapy; For a limited number of clients I charge on a sliding scale",""Adults, Couples, Families, Teens; I see adolescents, adults, individuals, couples and families."",16189447
"Terese Roholt, tess@tlrtherapy.com","Licensed Marriage & Family Therapist",LMFT,tess@tlrtherapy.com,330-353-9615,https://www.tesslroholt.com,True,"In-person therapy, Teletherapy; For a limited number of clients I charge on a sliding scale",""Adults, Children, Couples, Families, Teens; I'm a Licensed Marriage & Family Therapist in the State of California. I specialize in treating children, teens,  families & couples."",
"Lauren Chandler","Licensed Marriage & Family Therapist",LMFT,chandlerdepthpsych@gmail.com,4155627768,https://chandlerdepthpsych.com/,True,"In-person therapy, Teletherapy; For a limited number of clients I charge on a sliding scale",""Adults; Jungian and archetypal depth psychotherapy & AEDP"",
"Ahria Wolf","Licensed Marriage & Family Therapist",LMFT,ahriawolf1@gmail.com,4152501107,,False,"; For a limited number of clients I charge on a sliding scale","""",
"Nancy Gump","Licensed Marriage & Family Therapist",LMFT,nancyigump@gmail.com,(415) 453-5333,https://www.nancygump.com,True,"In-person therapy, Teletherapy; For a limited number of clients I charge on a sliding scale",""Adults"",
"Robin Glantz","Licensed Marriage & Family Therapist",LMFT,robin@robinglantzmft.com,(415) 302-2132,,False,"Teletherapy; For a limited number of clients I charge on a sliding scale",""Robin Glantz Psychotherapy"",16189447
"Kathryn Hirt, CAMFT","Licensed Marriage & Family Therapist",LMFT,kathhirt@hotmail.com,5102203558,https://www.kathrynhirtmft.com,True,"In-person therapy, Teletherapy; ",""Adults, Couples, Teens"",
"Niki Gibbons","Licensed Marriage & Family Therapist",LMFT,nlgibbons415@gmail.com,415-244-5212,,False,"Teletherapy; ",""Adults, Children, Families, Teens; Consultation;  CAMFT Certified Supervisor - Specialization of AMFT/APCC candidates working in schools; Supervision of Supervisors"",16189447
"Elizabeth Rehfeld, Bound4College,LLC","Licensed Marriage & Family Therapist",LMFT,liz@bound4college.com,8662420420,https://www.bound4college.com,True,"Teletherapy; ",""Adults"",16189447
"Sylvia Israel, Bay Area Moreno Institute","Licensed Marriage & Family Therapist",LMFT,sylvia@imaginecenter.net,(415) 454-7308,https://www.bayareamorenoinstitute.com,True,"In-person therapy; For a limited number of clients I charge on a sliding scale",""Adults, Couples, Groups, Teens"",16189448
"Ariana Candell","Licensed Marriage & Family Therapist",LMFT,arianaca@sbcglobal.net,(510) 255-1141,https://ArianaCandellTherapy.com,True,"Teletherapy; For a limited number of clients I charge on a sliding scale",""Adults, Groups"",16189447
"Nicole Livingston, Nicole Livingston MFT","Licensed Marriage & Family Therapist",LMFT,nlivingstonmft@gmail.com,415-272-7795,https://www.marintherapyassociates.com,True,"In-person therapy, Teletherapy; For a limited number of clients I charge on a sliding scale",""Adults; Always tailored to fit the unique needs of every client, my goal is to offer therapy that helps people understand and move past the internal and external challenges that can hinder life satisfaction."",
"Melle (Mordecai) Browning","Licensed Marriage & Family Therapist",LMFT,melle@mellebrowningtherapy.com,707.200.4968,https://707.200.4968,True,"In-person therapy, Teletherapy; For a limited number of clients I charge on a sliding scale",""Adults, Couples, Teens"",
"Melissa D'Amore","Licensed Marriage & Family Therapist",LMFT,melissadamore.mft@gmail.com,415 -250-5440,,False,"In-person therapy, Teletherapy; For a limited number of clients I charge on a sliding scale",""Adults"",
"Ron Rohlfes","Licensed Marriage & Family Therapist",LMFT,mftrohlfes@sbcglobal.net,4152731024,,False,"; ",""Adults, Couples"",
"Gail Danchig","Licensed Marriage & Family Therapist",LMFT,gdanchig@comcast.net,(415) 456-8743,,False,"Teletherapy; ",""Adults; My work integrates positive psychology (the science of well-being), mindfulness and expressive arts, to increase well-being and thriving and decrease anxiety and depression."",16189447
"Jia Mizell","Associate Marriage and Family Therapist",LMFT,jiamizellamft@gmail.com,4157208711,https://www.psychologytoday.com/us/therapists/jia-mizell-san-francisco-ca/937453,False,"In-person therapy, Teletherapy; For a limited number of clients I charge on a sliding scale",""Adults, Children, Couples, Families, Teens"",
"Arianna Sifuentes, Ari Sifuentes Therapy","Licensed Marriage & Family Therapist",LMFT,therapy@arisifuentes.com,(510) 216-1233,https://arisifuentes.com,True,"In-person therapy, Teletherapy; For a limited number of clients I charge on a sliding scale",""Adults, Couples, Families, Teens; Whatever brings you to therapy, I welcome you here. I'm a psychotherapist with specialized training in adolescent and LGBTQIA+ mental health."",
"Robin Keating","Licensed Marriage & Family Therapist",LMFT,robinkeatingtherapy@outlook.com,415-246-1633,,False,"In-person therapy, Teletherapy; For a limited number of clients I charge on a sliding scale","""",
"Noah Kempler","Licensed Marriage & Family Therapist",LMFT,noahkempler@gmail.com,(415) 717-3915,https://www.noahkempler.com,True,"; For a limited number of clients I charge on a sliding scale",""Family therapy for families with children under 12 years old."",
"Myron Walters, Myron Walters, LMFT SEP CMP","Licensed Marriage & Family Therapist",LMFT,mwalters999@sbcglobal.net,(415) 686-3445,https://www.myronwalters.com,True,"In-person therapy, Teletherapy; ",""Adults; My specialty is working with adults abused as children – emotional, physical, sexual, or neglect.  It can be traumatic for a young child to not feel cared for by the caretaker."",
"Susan Kenny","Licensed Marriage & Family Therapist",LMFT,Susankennylmft@gmail.com,4152462804,https://Susankennylmft.com,True,"In-person therapy, Teletherapy; For a limited number of clients I charge on a sliding scale",""Adults; Somatic Experiencing Practitioner providing SE and Transforming Touch for Emotional Regulation"",
"Gabrielle Miranda, Gabrielle Miranda, MFT","Licensed Marriage & Family Therapist",LMFT,gabriellemiranda.mft@gmail.com,4155726455,https://www.gabriellemiranda.net,True,"In-person therapy, Teletherapy; For a limited number of clients I charge on a sliding scale",""Adults, Families"",
"Margaret Perlstein","Licensed Marriage & Family Therapist",LMFT,mspmft@comcast.net,(415) 531-6097,https://www.margaretperlsteinmft.com,True,"Teletherapy; For a limited number of clients I charge on a sliding scale",""Adults, Couples, Families, Teens; I'm a skillful, collaborative therapist who works with all issues and ages 14-104"",16189447
"Michelle Baumgartner","Licensed Clinical Social Worker",LCSW,michelle@michellebaumgartnertherapy.com,(415) 578-9330,https://michellebaumgartnertherapy.com,True,"In-person therapy, Teletherapy; ",""Adults, Groups; Adult Individual Psychotherapy and Groups for Mind, Body, Spirit.  Supporting those coping with a health condition, loss, life transition, or a traumatic experience."",
"Cathy Della Valle","Licensed Marriage & Family Therapist",LMFT,cdvtherapies@gmail.com,(415) 250-8114,https://dellavalletherapy.com,True,"In-person therapy, Teletherapy; For a limited number of clients I charge on a sliding scale",""Adults, Couples, Families, Teens"",
"Lori Lavinthal","Licensed Marriage & Family Therapist",LMFT,lorilavinthal@gmail.com,415-255-4214,https://www.sftherapy.net,True,"In-person therapy, Teletherapy; For a limited number of clients I charge on a sliding scale",""Adults, Couples, Families, Teens"",
"Stacey Kamp","Licensed Marriage & Family Therapist",LMFT,stacey@staceykamplmft.com,415-669-0227,https://www.staceykamplmft.com,True,"In-person therapy, Teletherapy; For a limited number of clients I charge on a sliding scale",""Adults, Couples, Families, Teens; I provide a compassionate, non-judgmental space where you can find relief and learn tools to regain control. Let’s work together to help you move into a life that feels more manageable and fulfilling."",
"Janet Monks, Alameda Health System  Outpatient Substance Use Disorder Treatment Program","Licensed Marriage & Family Therapist",LMFT,icpurple7@yahoo.com,510-535-7414,,False,"; ",""Adults, Groups; Rehabilitation Counselor II at AHS Highland Campus"",
"Eliza Alexander","Licensed Marriage & Family Therapist",LMFT,Ealexandermft@gmail.com,415 2157617,,False,"In-person therapy, Teletherapy; ",""Adults, Children, Families, Groups"",
"Laura Mohaupt","Licensed Marriage & Family Therapist",LMFT,lauramohaupt@gmail.com,415-506-8565,https://www.lauramohaupt.com,True,"; For a limited number of clients I charge on a sliding scale",""Holistic Psychotherapy for Adults and Couples in Marin and San Francisco"",
"Kathleen Dunbar","Licensed Marriage & Family Therapist",LMFT,kathleen@kathleendunbar.net,415-668-5130,https://kathleendunbar.net,True,"In-person therapy, Teletherapy; For a limited number of clients I charge on a sliding scale",""Adults; Experiential Psychotherapy, Mindfulness, Somatics, Hakomi, Trauma, Attachment, Creative Expression, Dyslexia Support, Parts Work (similar to IFS), Psychodrama, Energy and Archetypal Work."",
"Vickie Vann","Licensed Clinical Social Worker",LCSW,vickievann@comcast.net,(415) 979-8183,,False,"; For a limited number of clients I charge on a sliding scale",""Adults"",
"George Nicol","Licensed Marriage & Family Therapist",LMFT,george@georgenicoltherapy.com,415-761-0735,https://georgenicoltherapy.com,True,"In-person therapy, Teletherapy; For a limited number of clients I charge on a sliding scale",""Adults, Teens; I have extensive experince working with adults and adolescents facing a multitude a of challenges. My areas of expertise include anxiety, depression, grief, anger management, and significant life transitions."",
"Lauren Matern","Associate Marriage and Family Therapist",LMFT,Laurenmatern@gmail.com,+1-310-455-8053,https://www.LaurenMatern.com,True,"Teletherapy; For a limited number of clients I charge on a sliding scale",""Adults, Couples, Families, Groups, Teens"",16189447
"Danielle Ghilotti","Licensed Marriage & Family Therapist",LMFT,danielle.ghilotti@gmail.com,4155535538,https://www.danielleghilotti.com,True,"In-person therapy, Teletherapy; For a limited number of clients I charge on a sliding scale",""Adults"",
"Lorraine Granger, Lori Granger LMFT","Licensed Marriage & Family Therapist",LMFT,lorigrangerLMFT@gmail.com,415-484-8616,https://www.lorigranger.com,True,"In-person therapy, Teletherapy; For a limited number of clients I charge on a sliding scale",""Adults, Couples; As a Mindful Awareness Specialist, I help facilitate client clarity and self-compassion. I combine trauma resolution techniques to free clients of triggers which impede wholeness and heartfulness."",
"Valerie Hinard","Licensed Marriage & Family Therapist",LMFT,vhinard@gmail.com,(707) 938-7018,,False,"; For a limited number of clients I charge on a sliding scale",""Valerie provides therapy to adults, children, and couples. Her specialization focuses on creating healthy, meaningful relationships."",
"Elise Holland, Holland Therapy Practice","Licensed Marriage & Family Therapist",LMFT,elise@holland-therapy.com,415.377.6646,https://415.377.6646,True,"In-person therapy, Teletherapy; For a limited number of clients I charge on a sliding scale",""Adults, Children, Couples, Families, Teens; Hi! I provide trauma-informed care to clients experiencing relational issues, depression and anxiety."",
"Beth Cassel","Licensed Marriage & Family Therapist",LMFT,Casselbethmft@gmail.com,(415) 860-7116,https://www.traumapsychotherapy.com,True,"In-person therapy, Teletherapy; For a limited number of clients I charge on a sliding scale",""Adults"",
"Krista Rae","Associate Marriage and Family Therapist",LMFT,krista@kristaraetherapy.com,(562) 270-5332,https://kristaraetherapy.com,True,"Teletherapy; For a limited number of clients I charge on a sliding scale",""Adults, Couples, Families"",16189447
"Stephanie Roberts, Credo High School","Associate Marriage and Family Therapist",LMFT,stephanie.g.roberts@gmail.com,925-337-6137,,False,"In-person therapy; ",""Groups, Teens"",16189448
"Kenzie Bramy, Dominican University of California","",Unknown,kabramy1@gmail.com,415-577-5660,,False,"; ","""",
"Jonathan Reynolds","Licensed Marriage & Family Therapist",LMFT,jonathan@mindfullifemindfulwork.com,4155626778,https://www.mindfullifemindfulwork.com,True,"Teletherapy; ",""Adults"",16189447
"Whitney Sutak","Licensed Marriage & Family Therapist",LMFT,whitneysutak@gmail.com,4154624895,https://WhitneySutakTherapist.com,True,"In-person therapy, Teletherapy; For a limited number of clients I charge on a sliding scale",""Adults, Teens; With warmth and compassion, I help individuals navigate life's challenges, heal from traumas, and develop healthier ways to cope with stress."",
"Bradford Leaser","",Unknown,bmleaser@gmail.com,9164755351,,False,"","""",
"Deborah Nelson, Deb Nelson, PsyD","Psychologist",PsyD,debnelsonpsyd@gmail.com,415-578-0232,https://www.drdebnelson.com,True,"In-person therapy, Teletherapy; ",""Adults; I specialize in working with chronic pain and illness. Treatment modalities include individual psychotherapy as well as workshops and groups."",
"Gabriela Lopez-Machon, Zest for Life Psychotherapy","Licensed Marriage & Family Therapist",LMFT,gabriela@zestforlifepsychotherapy.net,4158572331,,False,"In-person therapy, Teletherapy; ",""Adults, Couples, Families"",
"Sandra Fershtman, Private Practice","Licensed Marriage & Family Therapist",LMFT,sandyf2488@gmail.com,1-510-524-2411,,False,"In-person therapy, Teletherapy; For a limited number of clients I charge on a sliding scale",""Adults"",
"Lois Friedlander, MCAMFT","Licensed Marriage & Family Therapist",LMFT,lois@loismft.com,(415) 383-3337,https://www.loismft.com,True,"In-person therapy, Teletherapy; For a limited number of clients I charge on a sliding scale",""Adults, Couples, Groups; Lois Friedlander, MFT, CGP, MT-BC is a Licensed Marriage, Family Therapist, Clinical Faculty UCSF School of Medicine, Certified Group Psychotherapist,  & Board Certified Music Therapist."",
"Havalyn "Lilli" Arader, Mill Valley Therapy, LLC","Licensed Clinical Social Worker",LCSW,lilli.arader@gmail.com,415-693-8801,https://Millvalleytherapy.com,True,"In-person therapy, Teletherapy; For a limited number of clients I charge on a sliding scale",""Adults, Teens; Lilli Arader, LCSW - Mill Valley Therapy, LLC"",
"Samantha Curiale, CAMFT","Licensed Marriage & Family Therapist",LMFT,samanthacurialeamft@gmail.com,4158514618,,False,"In-person therapy, Teletherapy; ",""Adults, Children, Teens; Chronic/Terminal Illness and gGrief specialist."",
"Marika Yakumithis, The Connective","Licensed Marriage & Family Therapist, Licensed Professional Clinical Counselor",LMFT,marikayakumithis@gmail.com,415-632-1010,,False,"In-person therapy, In-person therapy, Teletherapy, Teletherapy; ","""",
"Sheena Simpson, Kodo Couples Therapy","Licensed Marriage & Family Therapist",LMFT,sheenarigby@gmail.com,7078727217,https://www.kodocouplestherapy.com/,True,"In-person therapy, Teletherapy; For a limited number of clients I charge on a sliding scale",""Couples; I am dedicated to helping couples strengthen their relationships through a compassionate and culturally sensitive approach."",
"Rodrigo Vasquez Lopez","",Unknown,rodrigofernandovasquezlopez@gmail.com,7077219157,https://www.linkedin.com/in/vlrodrigo/,False,"; ",""Adults, Families, Groups"",
"Shai Lavie","Licensed Marriage & Family Therapist",LMFT,shailavie@hotmail.com,(415) 339-7847,,False,"; For a limited number of clients I charge on a sliding scale",""Shai Lavie, M.A., M.F.T, is a Certified Hakomi Therapist and Trainer, and also a certified in the Somatic Experiencing method of working with trauma. He works with adults, couples, families, & youth."",
"Dr Jean Hayes MFT, COUPLES and FAMILY RECOVERY and RENEWAL SERVICE","Licensed Marriage & Family Therapist",LMFT,drjean415@gmail.com,(415) 897-1348,https://www.drjeanhayes.com,True,"Teletherapy; ",""Adults, Couples, Families, Groups; Specializing in Substance Abuse, including alcohol, drugs, pills, food, shopping, gambling, and Relation Repair"",16189447
"Ethan Briggs, Healing Spaces Counseling and Consultation","Licensed Clinical Social Worker",LCSW,ebriggs@healingspacescc.com,6145472150,https://HealingSpacesCC.com,True,"In-person therapy, Teletherapy; For a limited number of clients I charge on a sliding scale",""Adults"",
"Claire Guerin, Private Practice","Licensed Clinical Social Worker",LCSW,Claire.guerin.lcsw@gmail.com,323.835.4332,https://323.835.4332,True,"In-person therapy, Teletherapy; For a limited number of clients I charge on a sliding scale",""Adults, Groups, Teens"",
"Stefanie Gabler","Licensed Marriage & Family Therapist",LMFT,stefanieg1@hotmail.com,818) 389-2672,,False,"Teletherapy; For a limited number of clients I charge less than $50 per session",""Adults; Stefanie is currently building her private practice since she became a Licensed Marriage and Family Therapist. She has endured various challenges throughout her life which give her a unique perspective to work with people with disabilities."",16189447
"MaryAnn Grossman, Dominican University Graduate School of Health and General Sciences","",Unknown,maryann.grossman@students.dominican.edu,914-625-6527,,False,"; ","""",
"Rebecca Hines","Licensed Marriage & Family Therapist",LMFT,rebeccahines@me.com,4158478349,,False,"In-person therapy, Teletherapy; For a limited number of clients I charge on a sliding scale",""Adults, Couples, Families"",
"Ilana Goldach Senk","Licensed Marriage & Family Therapist",LMFT,ilanasenklmft@gmail.com,(415)518-0860,,False,"Teletherapy; For a limited number of clients I charge on a sliding scale","""",16189447
"Neena Gleason, Neena Gleason Therapy","Licensed Marriage & Family Therapist",LMFT,breathe@neenagleasontherapy.com,415-662-3053,https://neenagleasontherapy.com/,True,"In-person therapy, Teletherapy; For a limited number of clients I charge on a sliding scale",""Adults, Couples, Families, Groups, Teens; Alongside IFS, I draw from mindfulness-based therapy, somatic awareness, and attachment theory. This integrative approach supports both insight and embodiment, helping you understand your emotions and feel more present and at ease in your body."",
"Jeanette Hu","Associate Marriage and Family Therapist",LMFT,youcanheal@yahoo.com,415-894-0175,http://sobercuriosity.co/,True,"Teletherapy; For a limited number of clients I charge on a sliding scale",""Adults, Families, Groups, Teens"",16189447
"Art Raisman","Psychologist",PsyD,artraisman@msn.com,415-686-3342,,False,"In-person therapy, Teletherapy; ",""Adults, Couples, Groups; Interpersonal-Relational Orientation"",
"Kathy Jarosz, Couples Counseling Works","Licensed Clinical Social Worker",LCSW,kathy@couplescounselingworks.com,(415) 482-9796,https://www.couplescounselingworks.com,True,"In-person therapy, Teletherapy; For a limited number of clients I charge on a sliding scale",""Adults, Couples, Families, Groups; I am a Certified Gottman Couples Therapist .  I am a ""Marriage Friendly Therapist""...find out what that is!  I also offer ""Discernment Counseling"" when one partner wants to divorce and the other does not."",
"Moriah Agoustari, Axis Mundi Center for Mental Health","Associate Marriage and Family Therapist",LMFT,therapywithmoriah@gmail.com,(415) 488-5532,https://therapywithmoriah.com,True,"Teletherapy; For a limited number of clients I charge on a sliding scale",""Adults, Groups, Teens; Psychotherapy for Teens and Adults"",16189447
"Morgan White, Morgan White, LMFT","Licensed Marriage & Family Therapist",LMFT,morganewhitetherapy@gmail.com,4156719382,,False,"In-person therapy, Teletherapy; For a limited number of clients I charge on a sliding scale",""Adults, Families, Teens"",
"Ellis McCauley","Licensed Marriage & Family Therapist",LMFT,ellismccauleymft@gmail.com,831-824-4540,https://ellismccauleymft.com,True,"In-person therapy, Teletherapy; For a limited number of clients I charge on a sliding scale",""Adults, Groups; Mindfulness based, body-centered, behavioral therapy to facilitate recovery from Anxiety, OCD, BFRB's (hair-pulling, skin-picking etc) and trauma."",
"Karen Pando-Mars","Licensed Marriage & Family Therapist",LMFT,karenpandomars@gmail.com,415 459-4307,https://cfttsite.com,True,"; For a limited number of clients I charge on a sliding scale",""Adults, Couples"",
"Dennis Thatcher","Licensed Marriage & Family Therapist",LMFT,dennisthatchermft@gmail.com,(415) 995-2916,,False,"Teletherapy; For a limited number of clients I charge on a sliding scale",""Adults; I have over 35 years experience. I work with adults having issues with anxiety, depression and relationship issues."",16189447
"Sara Okman","Licensed Marriage & Family Therapist",LMFT,saraokman@gmail.com,415-877-4147,https://www.relationship-reboot.com,True,"In-person therapy, Teletherapy; For a limited number of clients I charge on a sliding scale",""Sex Therapy, Couples Counseling, and Psychotherapy for Grownups"",
"Casey Hineline","Licensed Marriage & Family Therapist",LMFT,yount.casey@gmail.com,4158704107,https://www.Marintalktherapy.com,True,"; For a limited number of clients I charge on a sliding scale",""Adults, Children, Teens"",
"Nicole Duncan","Licensed Marriage & Family Therapist",LMFT,nicole@nicoleduncantherapy.com,415-320-6141,https://www.nicoleduncantherapy.com,True,"In-person therapy, Teletherapy; ",""Adults, Children, Families, Groups, Teens"",
"Christine Armstrong","Licensed Marriage & Family Therapist",LMFT,carmstrongdangles@gmail.com,(415) 454-2722,http://www.armstrongdanglesmarintherapy.com/,True,"; ",""Relationships heal.  With gentle curiosity, acceptance, and collaboration my client and I seek to uncover the meaning of their relationships.  40 years experience with couples, individuals and group."",
"Dana Kahn, Private Practice","Psychologist",PsyD,danakahnphd@gmail.com,4158918378,,False,"In-person therapy, Teletherapy; For a limited number of clients I charge on a sliding scale",""Adults, Families, Teens; Private practice"",
"Vanessa Aders","",Unknown,vanessa.aders@gmail.com,9494091523,,False,"In-person therapy; ",""Children, Families"",16189448
"Breanne Benson, Rose Therapy Practice","",Unknown,breanne@shiningforgood.com,3102436427,https://shiningforgood.com,True,"Teletherapy; ",""Adults, Couples, Families, Groups"",16189447
"Laura Kasper","Psychologist",PsyD,drlaurakasper@me.com,4157341969,https://www.drlaurakaspertherapysf.com/,True,"In-person therapy, Teletherapy; ","""",
"Beth Hossfeld, One Circle Foundation","Licensed Marriage & Family Therapist",LMFT,beth.hossfeld@gmail.com,(415) 322-0407,,False,"; ",""Adults, Families, Teens; CONSULTATIONS ONLY. Relational and Skills-based Therapy for Pre-Teens through Adults"",
"Elizabeth Lane","Licensed Marriage & Family Therapist",LMFT,elizabethlanetherapy@gmail.com,415-413-3972,https://www.elizabethlanetherapy.com,True,"In-person therapy, Teletherapy; For a limited number of clients I charge on a sliding scale",""Adults, Teens; Adult and Adolescent Therapy"",
"Shai Larsen","",Unknown,shai.larsen.therapy@gmail.com,415-420-0477,,False,"","""",
"Patricia Echt, Paradigm Treatment Center","Associate Marriage and Family Therapist",LMFT,pme26office@gmail.com,415-300-6646,,False,"In-person therapy; ",""Adults, Families, Groups, Teens; Therapist at Young Adult Treatment Facility"",16189448
"Bethany Hoffman","Licensed Marriage & Family Therapist",LMFT,bethany@philosophertherapist.com,415 223-3973,https://www.philosophertherapist.com/,True,"Teletherapy; For a limited number of clients I charge on a sliding scale","""",16189447
"Melissa Murphy, Center for Mindful Psychotherapy","Associate Marriage and Family Therapist",LMFT,melissa@melissamurphymft.com,510-333-3722,https://melissamurphymft.com,True,"In-person therapy, Teletherapy; ",""Adults, Children, Couples, Teens; Somatic Psychotherapy"",
"Michaela Mujica-Steiner","Associate Marriage and Family Therapist",LMFT,therapy@michaelamujicasteiner.net,‪(805) 669-8970‬,,False,"Teletherapy; ",""Adults, Couples"",16189447
"Nancy vierra, Nancy Vierra, MS, MFT","Licensed Marriage & Family Therapist",LMFT,nancyvmft@gmail.com,628 587-1539,https://www.nancyvierramft.com,True,"In-person therapy, Teletherapy; For a limited number of clients I charge on a sliding scale",""Adults, Children, Teens; English is my primary language."",
"Ellen Hammerle, Community Healing Center","Licensed Marriage & Family Therapist",LMFT,ehammerle@sbcglobal.net,(415)499-1115,https://www.communityhealingcenters.org,True,"; For a limited number of clients I charge less than $50 per session",""Adults, Couples"",
"Barbara Devaney","Licensed Marriage & Family Therapist",LMFT,barbara@exploreandexpress.com,415-267-1831,http//www.exploreandexpress.com,True,"Teletherapy; For a limited number of clients I charge on a sliding scale",""Adults, Families, Teens"",16189447
"Heidi Biersch, Heidi Biersch, LMFT","Licensed Marriage & Family Therapist",LMFT,heidi@heidibierschtherapy.com,(707)509-0253,https://heidibierschtherapy.com,True,"In-person therapy, Teletherapy; For a limited number of clients I charge on a sliding scale",""Adults, Couples; I support individuals and couples through life's transitions. My work belnds CBT, mindfulness, EMDR, somatic, and attachment based approaches to build self-understanding, resilience, and deeper connection."",
"Christie Rovira, Private Practice","Licensed Marriage & Family Therapist",LMFT,christie.walker.rovira@gmail.com,415.562.7605,https://415.562.7605,True,"Teletherapy; For a limited number of clients I charge on a sliding scale",""Adults, Couples, Families, Teens"",16189447
"Linda Boghrati","Licensed Marriage & Family Therapist",LMFT,lindaboghrati.mft@gmail.com,415-448-7153,,False,"In-person therapy, Teletherapy; For a limited number of clients I charge on a sliding scale",""Adults, Teens"",
"Paul Puccinelli, Licensed Marriage & Family Therapist (Lic # 105320)","Licensed Marriage & Family Therapist",LMFT,ppuccinelli@comcast.net,(415) 342-2839,https://www.interfaithcc.org/paul-puccinelli,True,"In-person therapy, Teletherapy; For a limited number of clients I charge on a sliding scale",""Adults, Children, Couples; I am a dedicated and compassionate Licensed Marriage and Family Therapist (LMFT).  My therapeutic approach is grounded in evidence-based methods that have been proven effective in promoting mental and emotional well-being."",
"Charlie Reynolds, The Wright Institute","",Unknown,charlie@charliereynoldstherapy.com,415 710 5315,,False,"In-person therapy, Teletherapy; ","""",
"Lisa Santandrea, San Francisco Family Therapy","Associate Marriage and Family Therapist",LMFT,lisabsantandrea@gmail.com,917-523-7026,,False,"In-person therapy, Teletherapy; ",""Adults, Children, Couples, Families, Groups, Teens"",
"Maryellen Mullin, San Francisco Family Therapy","Licensed Marriage & Family Therapist",LMFT,mullinmft@gmail.com,415-335-6381,https://sanfranciscofamilytherapy.com,True,"In-person therapy, Teletherapy; For a limited number of clients I charge on a sliding scale",""Adults, Couples, Families, Teens; San Francisco Family Therapy"",
"Dan Zuiches, Dan Zuiches, PhD","Psychologist",PsyD,dan@zuiches.com,(415) 508-8459,,False,"Teletherapy; ",""Adults, Groups"",16189447
"Dan Bierman","Associate Marriage and Family Therapist",LMFT,dan.bierman@mindfulcenter.org,415-200-6792,https://danbiermantherapy.com,True,"In-person therapy, Teletherapy; For a limited number of clients I charge on a sliding scale",""Adults, Couples, Families, Teens; I'm a New York straight shooter. I won't be shy about telling you what I see/think, but I will always do so gently and with compassion."",
"Jessica Parr, Family Recovery Institute","Associate Marriage and Family Therapist",LMFT,j.parr@sofia.edu,707-992-5505,,False,"In-person therapy, Teletherapy; ",""Children, Families, Teens"",
"Kathryn Scruggs","Licensed Marriage & Family Therapist, Licensed Professional Clinical Counselor",LMFT,kathryn@kathrynscruggstherapy.com,(415) 991-6160,https://www.kathrynscruggstherapy.com,True,"In-person therapy, Teletherapy; For a limited number of clients I charge on a sliding scale",""Adults, Couples, Families, Teens"",
"Leah Grace Ingram, Juniper and Jade Psychotherapy","Associate Professional Clinical Counselor",LPCC,leah@juniperandjadepsychotherapy.com,415-234-3775,https://www.juniperandjadepsychotherapy.com,True,"In-person therapy, Teletherapy; For a limited number of clients I charge on a sliding scale",""Adults, Couples, Groups, Teens"",
"Chelsea Nelson","",Unknown,chelsea.nelson@gmail.com,628-249-1854,,False,"","""",
"Bea Ivory-Chambers","Licensed Marriage & Family Therapist",LMFT,beaivorychambers@yahoo.com,415-233-2333,https://www.beaivorychambers.com,True,"; For a limited number of clients I charge on a sliding scale",""Couples"",
"Monica Gomez","Associate Marriage and Family Therapist",LMFT,mgomez3926@gmail.com,415-450-5659,,False,"","""",
"Grace Rankin","",Unknown,grace.rankin88@gmail.com,4152506309,,False,"; ",""Looking forward to moving out a career in software sales and into the intersection of psychology, horses, and human potential"",
"Amy Biesemeyer","Licensed Marriage & Family Therapist",LMFT,amy@onenaturetherapy.com,(415) 419-3557,https://www.OneNatureTherapy.com,True,"; For a limited number of clients I charge on a sliding scale",""The heart of my practice is creating a compassionate and present space for my clients to explore their whole selves and awaken to their truest nature."",
"Janet Lawson, Autistry Studios","Licensed Marriage & Family Therapist",LMFT,janet@autistry.com,(415) 235-3217,https://www.Autistry.com,True,"; For a limited number of clients I charge on a sliding scale",""Adults, Teens; Founder/CEO of Autistry Studios"",
"Saunders Moore, Wise Heart Therapies","Licensed Marriage & Family Therapist",LMFT,saunders@wisehearttherapies.com,4158412483,https://www.psychologytoday.com/us/therapists/saunders-moore-san-francisco-ca/876663,False,"Teletherapy; For a limited number of clients I charge on a sliding scale",""Adults; Psychotherapist and ICF certified leadership coach"",16189447
"Amy Horn, Private Practice","Licensed Marriage & Family Therapist",LMFT,amyahorn11@gmail.com,(415) 273-1132,https://www.amyhornmft.com,True,"Teletherapy; For a limited number of clients I charge on a sliding scale",""Adults, Children, Couples, Families, Groups, Teens; I provide a safe, supportive atmosphere to increase self acceptance & self compassion, identify & understand unconscious beliefs and coping strategies, learning ways to deepen, strengthen and relax."",16189447
"Cera Arthur-Carmody","Licensed Marriage & Family Therapist",LMFT,Carthurcarmody@therapypractice.org,415-295-2631,,False,"Teletherapy; For a limited number of clients I charge on a sliding scale",""Adults"",16189447
"Leah Einy","",Unknown,leah.einy@gmail.com,4153425887,,False,"In-person therapy, Teletherapy; ","""",
"Juliette Delventhal","Licensed Marriage & Family Therapist",LMFT,juliette@juliettedelventhal.com,(415) 702-0140,https://www.psychologytoday.com/us/therapists/juliette-leonore-delventhal-sausalito-ca/1449077,False,"In-person therapy, Teletherapy; ",""Adults, Couples, Families, Teens; Integrative psychotherapy for individuals, couples and families"",
"Stef Coleman","Licensed Marriage & Family Therapist",LMFT,stefcoleman@yahoo.com,415-820-1512,https://stefcoleman.com,True,"Teletherapy; For a limited number of clients I charge on a sliding scale",""Adults, Couples; Trauma specialist ranging from less severe to severe. Also life issues from anxiety and depression to relationship"",16189447
"Sara Bisikirski","Licensed Clinical Social Worker",LCSW,sara@sarabisikirskilcsw.com,510.469.1313,https://510.469.1313,True,"In-person therapy, Teletherapy; For a limited number of clients I charge on a sliding scale",""Adults, Children, Couples, Families, Teens"",
"Jennifer De La Fonteijne-Barnett","",Unknown,,,,False,"","""",
"Sharon Caplan, Lomi","",Unknown,shaz123mv@yahoo.com,646 3191863,,False,"In-person therapy, Teletherapy; ",""Adults, Children, Couples, Families, Groups; Client centered, with roots in psychodynamic training. Every person I work with . I hold space for  the potential for growth. Sessions are filled with compassion, insight and understanding each individuals unique journey."",
"Melinda Marmer","Licensed Marriage & Family Therapist",LMFT,melinda.marmer@gmail.com,1415-460-9125,,False,"In-person therapy, Teletherapy; For a limited number of clients I charge on a sliding scale",""Adults, Children, Families, Teens"",
"Mark Edwards","Licensed Marriage & Family Therapist",LMFT,markedwardsmft@mac.com,(415) 456-6523,https://www.MarkEdwardsMFT.com,True,"; For a limited number of clients I charge on a sliding scale",""Adults, Children, Families, Teens; Child adolescent and adult psychotherapy services in central San Rafael."",
"Rachel Barr","Licensed Marriage & Family Therapist",LMFT,rlbarr.mft@gmail.com,415-718-5869,https://www.creativetherapyla.com,True,"In-person therapy, Teletherapy; For a limited number of clients I charge on a sliding scale",""Adults, Couples, Groups; Couples Counseling and Psychotherapy"",
"Kim Salinger PMHNP, Holistic Psych Care & Integrative Wellness","Psychiatrist",MD,kim@holisticpsychcare.com,(415) 797-7443,https://www.holisticpsychcare.com,True,"Teletherapy; ",""Adults, Teens; Holistic & Integrative Psychiatry including medication management"",16189447
"Avis Rumney","Licensed Marriage & Family Therapist",LMFT,avisrumney@me.com,(415) 602-1403,https://AvisRumneyMFT.com,True,"; For a limited number of clients I charge on a sliding scale",""Addiction, codependency, relationships, emotional eating"",
"Diane Suffridge","Psychologist",PsyD,diane@dianesuffridgephd.com,(415) 578-0960,https://dianesuffridgephd.com,True,"Teletherapy; ",""Adults; Adult psychotherapy, therapist consultation and behavioral health training"",16189447
"Mila Sardelli","",Unknown,milasardelli@gmail.com,561-558-3715,,False,"In-person therapy; ","""",16189448
"Michelle Deely","Licensed Marriage & Family Therapist",LMFT,michelle@michelledeely.com,415-371-9828,https://www.michelledeely.com,True,"In-person therapy, Teletherapy; ",""Adults; Relief for Burned Out Moms"",
"Veronica C Wefers","Licensed Marriage & Family Therapist",LMFT,veronica@veronicacervantes.com,4158063565,https://veronicacervantes.com,True,"Teletherapy; For a limited number of clients I charge on a sliding scale",""Adults, Couples, Families, Groups, Teens"",16189447
"Kelsey Acevedo-Soto, The Branson School","Licensed Marriage & Family Therapist",LMFT,kelsey_acevedo-soto@branson.org,4154557140,,False,"; ",""Teens"",
"Golda Michelson","Licensed Marriage & Family Therapist",LMFT,goldamft@gmail.com,(415) 272-0804,,False,"Teletherapy; For a limited number of clients I charge on a sliding scale",""Adults, Children, Teens"",16189447
"Laura Soble","Licensed Marriage & Family Therapist",LMFT,laura@laurasoble.net,5105271501,https://www.laurasoble.net,True,"In-person therapy, Teletherapy; For a limited number of clients I charge on a sliding scale",""Adults, Children, Teens; I provide Jungian Depth Psychotherapy & Sandplay with adults, children and teens."",
"Debbie Goldyne, CAMFT","Licensed Marriage & Family Therapist",LMFT,debbiegoldyne@mac.com,(415) 215-1153,https://debbiegoldynemft.com,True,"; For a limited number of clients I charge on a sliding scale",""Adults; Work with adults, special focus on elders and aging."",
"Charles Gondell","Licensed Marriage & Family Therapist",LMFT,charlesgondell.mft@gmail.com,310 663-4393,,False,"Teletherapy; ",""Adults, Couples"",16189447
"Mary Paige, Mary Paige Psy.D.","Licensed Marriage & Family Therapist",LMFT,drmarypaige@gmail.com,415-559-8668,https://www.drmarypaige.com,True,"In-person therapy, Teletherapy; For a limited number of clients I charge on a sliding scale",""Adults, Couples; Psychodynamic and Buddhist focus"",
"Leslie Kennedy","",Unknown,les.kennedy@gmail.com,415-215-9456,,False,"","""",
"Nancy Janko","Licensed Marriage & Family Therapist",LMFT,nancygreathead@aol.com,(415) 309-0298,,False,"; For a limited number of clients I charge on a sliding scale",""Adults, Groups, Teens"",
"Jennifer Fickling Loyer, Private Practice","Licensed Marriage & Family Therapist",LMFT,jenniferloyermft@gmail.com,(415) 686-9562,https://www.jenniferloyermft.com,True,"In-person therapy, Teletherapy; ",""Adults; Psychotherapy & EMDR"",
"Elizabeth Kennard","Licensed Marriage & Family Therapist",LMFT,drelizabethkennard@gmail.com,415 450 5442,https://drelizabethkennard.com,True,"Teletherapy; For a limited number of clients I charge on a sliding scale",""Adults, Couples"",16189447
"Catherine Eliaser","Licensed Marriage & Family Therapist",LMFT,celiaser1@aol.com,(415) 721-2818,https://www.CatherineEliaserMFT.com,True,"Teletherapy; For a limited number of clients I charge on a sliding scale",""Adults, Couples, Families; My work with clients fosters an open, collaborative, supportive environment from which to gain insight and clarity into what is really important."",16189447
"Michelle Peretz","",Unknown,,,,False,"","""",
"Ellen Turner","Licensed Marriage & Family Therapist",LMFT,ellen@ellenturnertherapy.com,415-656-8038,,False,"In-person therapy, Teletherapy; For a limited number of clients I charge on a sliding scale",""Adults, Couples, Families, Teens; I was trained in Somatic Psychotherapy and also have a background in bodywork, approaching therapy from a holistic lens that welcomes the whole person (mind, body and spirit)."",
"Catherine Schulz","",Unknown,catherine@cschulz.tech,5108478747,,False,"; ","""",
"Brian Lukas, Child Therapy Institute of Marin","Licensed Marriage & Family Therapist, Psychologist",LMFT,dr4psyche@aol.com,415 456 7724,https://childtherapyinstitute.org/,True,"In-person therapy; For a limited number of clients I charge on a sliding scale",""Adults, Children, Groups, Teens; Child Therapy Institute of Marin provides out patient therapy for Children, Adolescents and Adults"",16189448
"Karina Colliat, Marin CAMFT","Licensed Marriage & Family Therapist",LMFT,spiritedpaintbrush@gmail.com,4153074152,https://karinacolliat.com,True,"In-person therapy, Teletherapy; For a limited number of clients I charge on a sliding scale",""Adults, Groups"",
"Michelle Guchereau, Well Coast Medical","Psychiatrist",MD,michelle@wcphealth.com,(833) 931-1716,https://www.wellcoastmedical.com/,True,"Teletherapy; For a limited number of clients I charge on a sliding scale",""Adults, Children, Teens; Psychiatrist of children, adolescents and adults"",16189447
"David Kest, Bay Area IMAGO Relationship Therapy","Licensed Marriage & Family Therapist",LMFT,davidjkest@yahoo.com,(415) 246-1739,https://www.CouplesDialogue.com,True,"In-person therapy, Teletherapy; For a limited number of clients I charge on a sliding scale",""Adults, Couples, Families; IMAGO RELATIONSHIP THERAPY, MINDFULNESS, AND SOMATIC AWARENESS"",
"Darshan Brach","Licensed Marriage & Family Therapist",LMFT,darshb13@gmail.com,415 488 6779,https://darshanbrach.com,True,"; For a limited number of clients I charge on a sliding scale",""Compassion and Mindful Individual and Group Therapy"",
"Phyllis Jeroslow","Licensed Marriage & Family Therapist",LMFT,phyllisjeroslow@comcast.net,Not applicable at present,,False,"","""",
"Brad Freed","Licensed Marriage & Family Therapist",LMFT,bradfreed@comcast.net,(415) 302-4975,https://www.bradfreed.com,True,"Teletherapy; ",""Adults, Teens; Specializing in the treatment of adolescents and young adults"",16189447
"Theodora Triplis, Theo Triplis Therapy","Associate Clinical Social Worker",LCSW,theo@theotriplistherapy.com,707 234 8399,https://theotriplistherapy.com,True,"Teletherapy; For a limited number of clients I charge on a sliding scale",""Adults, Teens; My aim is to empower women and transgender clients in a non-judgmental space, where every emotion and experience is honored. I offer compassionate, personalized therapy to help you discover, embrace, and live authentically."",16189447
"Kathleen Ries, The North Star Therapy","Licensed Marriage & Family Therapist",LMFT,lifesperfect@sbcglobal.net,628 227 6366,https://Thenorthstartherapy.com,True,"Teletherapy; For a limited number of clients I charge on a sliding scale",""Adults, Couples, Teens; My therapy practice is currently virtual and focused on both individuals (mostly adults) and couples who have been affected by traumatic events and who continue to suffer due to these events.  Chair, Trauma Resource Team"",16189447
"Elizabeth (Betsy) Klinger, Mind Therapy Clinic","Licensed Professional Clinical Counselor",LPCC,bklinger@mindtherapyclinic.com,720 580 1990,https://mindtherapyclinic.com,True,"In-person therapy, Teletherapy; ",""Adults, Families, Groups, Teens"",
"Rochelle Edwards, Transformative Justice Institute","Licensed Marriage & Family Therapist",LMFT,rochelle@tjinstitute.org,4159086786,https://www.tjinstitute.org,True,"In-person therapy; For a limited number of clients I charge on a sliding scale",""Adults, Couples, Families, Groups; I am a seasoned psychotherapist, mediator and transformative leader in my work with individuals, families, couples and organizations."",16189448
"Taryn Bernstein","Licensed Marriage & Family Therapist",LMFT,tarynbernstein@gmail.com,415-448-7164,https://www.tarynbernsteintherapy.com/,True,"; For a limited number of clients I charge on a sliding scale","""",
"Barbara Townsend, Townsend Family Therapy, Inc.","Licensed Marriage & Family Therapist",LMFT,barbtownsendtherapy@gmail.com,415-309-7448,https://www.townsendfamilytherapy.com,True,"In-person therapy, Teletherapy; For a limited number of clients I charge on a sliding scale",""Adults, Couples, Families, Teens"",
"Jessica Sherman","Licensed Marriage & Family Therapist",LMFT,jessicashermanmft@gmail.com,(415) 485-1120,,False,"; For a limited number of clients I charge on a sliding scale","""",
"Luke Tanaka, TheraThrive/La Cheim Behavioral Health Services","Associate Marriage and Family Therapist",LMFT,lukerichtanaka@gmail.com,925-954-6229,,False,"In-person therapy, Teletherapy; ",""Adults, Children, Groups, Teens"",
"Cheryl Woodruff","Licensed Marriage & Family Therapist",LMFT,cherylwoodruffmft@gmail.com,415-497-5220,,False,"In-person therapy, Teletherapy; For a limited number of clients I charge on a sliding scale",""Adults, Couples, Families; I help individuals and couples overcome blocks to change."",
"Raquel Pizano-Hazama, Mindful Behavioral Health","Licensed Clinical Social Worker",LCSW,rphazama@gmail.com,6267860341,https://www.mindfulbhs.com,True,"In-person therapy, Teletherapy; For a limited number of clients I charge on a sliding scale",""Adults, Couples, Families, Teens"",
"Lisa Gilberti, Center for Creative Growth","Licensed Marriage & Family Therapist",LMFT,lisagilbo@yahoo.com,510/527-2100 x4,,False,"Teletherapy; ",""Adults, Couples"",16189447
"Emma Vieth","",Unknown,Emma.vieth@outlook.com,7077963434,,False,"In-person therapy; ",""Children, Families, Teens"",16189448
"AnneMarie Olson","Licensed Clinical Social Worker",LCSW,am@annemarieolson.com,415-683-1441,https://www.annemarieolson.com,True,"Teletherapy; For a limited number of clients I charge on a sliding scale",""I am a LCSW with more than 15 yrs of clinical experience. I have worked closely with hundreds of individuals and families facing illness and have a deep understanding of end of life and healthcare. I am also a trained End of Life Doula."",16189447
"Stacey Schoenstadt-Kempler","Licensed Marriage & Family Therapist",LMFT,staceyskempler@gmail.com,(415) 717-3916,,False,"; For a limited number of clients I charge on a sliding scale",""Family therapy, work with adolescents, parent consultation. Specialty: clinical art therpy"",
"Pamela Lister, Private practice","Licensed Marriage & Family Therapist",LMFT,pamela.lister@yahoo.com,(925) 330-9344,https://PamelaLister.com,True,"In-person therapy, Teletherapy; For a limited number of clients I charge on a sliding scale",""Adults, Children, Couples, Families, Groups, Teens; Individual/Couples/Groups/interventions/workshops"",
"Nora Webb","Licensed Marriage & Family Therapist",LMFT,norawebb@gmail.com,(415) 256-1801,,False,"In-person therapy, Teletherapy; ",""Adults"",
"Wendy Labov-Dunne","Licensed Marriage & Family Therapist",LMFT,wlabovdunne@gmail.com,(415) 488-5591,,False,"In-person therapy, Teletherapy; For a limited number of clients I charge on a sliding scale",""Adults, Couples, Families, Teens"",
"Hamaseh Kianfar","Licensed Marriage & Family Therapist",LMFT,,,,False,"; ",""Adults, Families"",
"Carlos Molina","Licensed Marriage & Family Therapist",LMFT,crmolina@comcast.net,4152466032,,False,"In-person therapy, Teletherapy; ",""Adults, Teens"",
"Tara Fields","Licensed Marriage & Family Therapist",LMFT,tarafields9@gmail.com,(415) 381-4501,https://tarafields.com,True,"; ","""",
"Kelly Foster","Associate Marriage and Family Therapist",LMFT,kellyfostercfem@gmail.com,707-723-2524,https://www.centerforembodimentmedicine.com/,True,"In-person therapy, Teletherapy; ","""",
"Sarah Black","Associate Marriage and Family Therapist",LMFT,sarahblacktherapy@gmail.com,415-639-3771,,False,"In-person therapy, Teletherapy; For a limited number of clients I charge on a sliding scale",""Adults, Children, Couples, Teens"",
"Daniel Lyons, The Lyons Zen","Licensed Marriage & Family Therapist",LMFT,daniellyonslmft@gmail.com,6286672124,https://www.thelyonszen.com,True,"In-person therapy, Teletherapy; ",""Adults, Families, Teens"",
"Alexis Hunter","",Unknown,alexis@alexishuntertherapy.com,(415) 528-6923,https://www.alexishuntertherapy.com,True,"In-person therapy, Teletherapy; ",""Adults, Couples; Relational Integrative Psychotherapy"",
"Phyllis Hott","Licensed Marriage & Family Therapist",LMFT,phyllis.hott@gmail.com,(415) 898-9858,,False,"In-person therapy, Teletherapy; For a limited number of clients I charge on a sliding scale",""Adults, Couples; I work with individuals and couples"",
"Elizabeth Salin","Licensed Marriage & Family Therapist",LMFT,lizsalin@gmail.com,(415) 457-2206,https://lizsalinmft.com,True,"In-person therapy, Teletherapy; For a limited number of clients I charge on a sliding scale",""Adults, Families; Psychotherapy, parent consultation, parent coaching, consultation"",
"Pete Van Auken","Licensed Marriage & Family Therapist",LMFT,info@pvanauken.com,415-275-2370,,False,"In-person therapy, Teletherapy; ",""Adults, Teens"",
"Jessica Copeland","Licensed Marriage & Family Therapist",LMFT,jessicacopelandmft@gmail.com,(415) 322-9044,https://jessicacopelandmft.com,True,"In-person therapy, Teletherapy; ",""Adults, Couples, Families, Groups, Teens"",
"Rebecca Johnson, self","Licensed Marriage & Family Therapist",LMFT,rebecca@rebeccajohnsontherapy.com,(415) 820-1612,https://www.rebeccajohnsontherapy.com,True,"In-person therapy, Teletherapy; ",""Adults, Couples, Families, Teens; I work with teens and adults, offering evidenced-based therapy for anxiety disorders, including generalized anxiety, panic, phobias, social and performance anxiety, and OCD."",
"Kori Stevenson, BACR","Associate Marriage and Family Therapist",LMFT,kstevenson@bacr.org,(415)444-5580,https://www.bacr.org,True,"; ",""Teens"",
"CARMELA FLORO, CARMELA FLORO, LMFT, A PROF. ORG.","Licensed Marriage & Family Therapist",LMFT,carmelafloro@gmail.com,8182075653,https://CARMELAFLOROLMFT.COM,True,"Teletherapy; For a limited number of clients I charge on a sliding scale",""Adults, Children, Couples, Families, Teens; Integrative Psychotherapist"",16189447
"Linda Cunningham PhD","Licensed Marriage & Family Therapist",LMFT,linda@drlindacunningham.com,(415) 346-6363,https://www.DrLindaCunningham.com,True,"In-person therapy, Teletherapy; ",""For over twenty years, I have helped people calm their anxieties and find greater peace and happiness."",
"Bente Hansen","Licensed Marriage & Family Therapist, RN",LMFT,bentehansen.lmft@therapysecure.com,(415)488-5088,https://bentehansen.net,True,"In-person therapy, Teletherapy; For a limited number of clients I charge on a sliding scale",""Adults, Couples"",
"Kirk Brown, REACH Strategies","",Unknown,kirk@reach-strategies.org,4155773561,,False,"","""",
"Karin Chandler","Licensed Marriage & Family Therapist",LMFT,kchandler333@gmail.com,6508881019,,False,"Teletherapy; For a limited number of clients I charge on a sliding scale",""A little spanish and fluent in english"",16189447
"Gabe Raff","Licensed Marriage & Family Therapist",LMFT,gaberafftherapy@gmail.com,510.646.1046,https://510.646.1046,True,"In-person therapy, Teletherapy; ",""Adults, Couples, Families; I work with couples, adults, and adult families.   While I work on a range of issues, I also work with men struggling with burnout, emotional disconnection, and loneliness."",
"Inge Martin","Licensed Marriage & Family Therapist",LMFT,imartinmft@gmail.com,4154508887,https://ingemartin.com,True,"; For a limited number of clients I charge on a sliding scale",""I am bilingual: German and English"",
"Michael Popplewell, North Bay Family Therapy","Licensed Marriage & Family Therapist",LMFT,mike@northbayfamilytherapy.com,415-729-4180,https://northbayfamilytherapy.com,True,"; For a limited number of clients I charge on a sliding scale","""",
"Scott Nelson, PhD, LMFT","Licensed Marriage & Family Therapist",LMFT,scott@scottnelsonphd.com,(415) 806-5001,https://scottnelsonphd.com,True,"Teletherapy; For a limited number of clients I charge on a sliding scale",""Adults, Couples, Families, Groups, Teens; In my 53rd year in the mental health field, I am grateful and excited to work with just about anyone that comes though my door. Resting on all of these years of therapy and training, I am open to working with a very wide array of people and issues."",16189447
"Tashara Stewart","Associate Marriage and Family Therapist",LMFT,mrstashara@gmail.com,9257596136,,False,"In-person therapy; ",""Adults, Children, Couples, Families, Teens"",16189448
"W. Keith Sutton, Institute for the Advancement of Psychotherapy","Psychologist",PsyD,drkeith@drkeithsutton.com,(415) 686-9544,https://www.drkeithsutton.com,True,"In-person therapy, Teletherapy; ",""Adults, Children, Couples, Families, Teens; I work with children, adolescent, families, couples and adults to help them make the change they're working towards!"",
"Larry Dietz","Licensed Marriage & Family Therapist",LMFT,ldietz10@yahoo.com,(415) 883-5594,,False,"Teletherapy; ",""Adults, Couples, Families, Teens"",16189447
"Phoenix Jackson, Light Heart Therapy","Licensed Marriage & Family Therapist",LMFT,Phoenix@LightHeartTherapy.com,707-387-1282,https://www.lighthearttherapy.com,True,"Teletherapy; ",""Adults, Couples, Teens; Therapy with me brings back access to your light, your calm, and nourishes you to shift into your power."",16189447
"Maria Arieta, Juniper & Jade Psychotherapy Inc.","Psychologist",PsyD,maria@juniperjade.com,4152343774,https://www.juniperandjadepsychotherapy.com,True,"In-person therapy, Teletherapy; For a limited number of clients I charge on a sliding scale",""Adults, Children, Couples, Families, Groups, Teens; Psychotherapy Practice Dedicated to Inspired Growth for Women and Their Families"",
"Jacqueline Ladrech","Licensed Marriage & Family Therapist",LMFT,jladrech@comcast.net,(415) 479-9008,,False,"Teletherapy; For a limited number of clients I charge on a sliding scale",""Adults, Families"",16189447
"Jane Cunningham","Licensed Marriage & Family Therapist",LMFT,jhcunningham@comcast.net,(415) 459-8048,,False,"In-person therapy; For a limited number of clients I charge less than $50 per session",""Adults"",16189448
"Alexis Scarborough, de la Rosa Psychotherapists","Associate Marriage and Family Therapist",LMFT,alexis@tatradelarosa.com,415-209-8619,https://www.alexisscarboroughtherapy.com,True,"In-person therapy, Teletherapy; ",""Adults, Couples, Families, Groups"",
"Lori Richards","Licensed Marriage & Family Therapist",LMFT,lori.b.richards@gmail.com,310-403-3739,https://www.loririchardstherapy.com,True,"Teletherapy; For a limited number of clients I charge on a sliding scale",""Adults, Groups, Teens"",16189447
"Matthew Cobb, Marin","Associate Marriage and Family Therapist",LMFT,matthewcobbtherapy@gmail.com,323-317-1205,,False,"Teletherapy; For a limited number of clients I charge on a sliding scale",""Adults, Couples, Teens; I am a therapist who adopts a holistic approach. With decades of experience in healthcare before becoming a therapist, I help clients befriend their nervous system and consciously connect with their internal belief systems."",16189447
"Aubrey Harmon, A New Leaf Therapy Group","Associate Marriage and Family Therapist",LMFT,aubreyharmon@gmail.com,(415) 267-1885,https://www.anewleaftherapygroup.com/aubrey,True,"In-person therapy, Teletherapy; For a limited number of clients I charge on a sliding scale",""Adults, Children, Couples, Groups, Teens"",
"Sarah Wright, Sarah Wright Therapy","Licensed Marriage & Family Therapist",LMFT,admin@sarahwrighttherapy.com,415-496-5755,https://www.sarahwrighttherapy.com,True,"In-person therapy, Teletherapy; For a limited number of clients I charge on a sliding scale",""Adults, Children, Groups, Teens"",
"Tina McMillan","Licensed Marriage & Family Therapist",LMFT,tinagmcbaytree@comcast.net,415-246-5361,https://tinagmcmillan.com,True,"In-person therapy, Teletherapy; ",""Adults, Couples, Teens; For the past 36+ years I have been working with children, teens, adults and couples using a combination of psychotherapy, counseling, education and coaching."",
"Melissa Guyot","Licensed Marriage & Family Therapist",LMFT,melissaguyottherapy@gmail.com,415-320-9440,,False,"Teletherapy; For a limited number of clients I charge on a sliding scale",""Adults, Families, Teens"",16189447
"Ian Mason, Private Practice","Licensed Marriage & Family Therapist",LMFT,ianmasonmft@gmail.com,4154832810,,False,"Teletherapy; For a limited number of clients I charge on a sliding scale",""Adults, Couples, Families, Teens"",16189447
"Allison Waugh, Allison Waugh LMFT","Licensed Marriage & Family Therapist",LMFT,waughtherapy@gmail.com,4154966517,https://www.allisonwaughtherapy.com/,True,"In-person therapy, Teletherapy; For a limited number of clients I charge on a sliding scale",""Adults, Couples, Teens"",
"Talia Korenbrot","Licensed Marriage & Family Therapist",LMFT,taliakorenbrotmft@gmail.com,(415) 294-5340,https://www.taliakorenbrotmft.com,True,"Teletherapy; For a limited number of clients I charge on a sliding scale",""Adults, Couples"",16189447
"Dr. Doreen Downing, Find Your Voice, Change Your Life","Psychologist",PsyD,drdoreendowning4@gmail.com,(415) 924 8955,https://www.doreendowning.com,True,"; ",""My belief in your natural power coupled with your willingness and determination to grow will lead you on a path of transformation. You can find your strength, tap into your heart’s desire, heal wounds, set goals, and achieve results."",
"Annie Buxbaum","Licensed Marriage & Family Therapist",LMFT,dr.anniebuxbaum@gmail.com,707-582-0701,https://anniebuxbaumtherapy.com,True,"In-person therapy, Teletherapy; ",""Adults, Couples, Teens; Couples of all kinds. Teens and Brainspotting to alleviate symptoms of Trauma, depression, and anxiety."",
"Cerbelio Grijalva Reyes, North Marin Community Services","Associate Marriage and Family Therapist",LMFT,creyes@northmarincs.org,7072003695,,False,"In-person therapy, Teletherapy; ",""Adults, Children, Couples, Families, Groups, Teens"",
"Jason Saffer, Center for Creative Growth","Licensed Marriage & Family Therapist",LMFT,jasons@creativegrowth.com,(510) 527-2100,https://www.creativegrowth.com,True,"; ","""",
"Lisa Trost, Lisa Marie Mind Body Therapy","Licensed Marriage & Family Therapist",LMFT,trost.lisamarie@gmail.com,n/a,https://www.lisamariemindbodytherapy.com,True,"In-person therapy, Teletherapy; For a limited number of clients I charge on a sliding scale",""Adults"",
"Diana Wilson","Licensed Marriage & Family Therapist",LMFT,dianawilsonmft@gmail.com,415-881-7638,,False,"In-person therapy, Teletherapy; ",""Adults, Couples, Families, Teens"",
"Gina Moore","Licensed Marriage & Family Therapist",LMFT,gina@ginaborellimoore.com,415-460-6390,https://www.ginaborellimoore.com,True,"In-person therapy, Teletherapy; For a limited number of clients I charge on a sliding scale",""Adults, Couples, Groups, Teens; Compassionate, interactive therapy for adults, teens and couples. I am passionate about supporting mothers and couples throughout their parenting journey, including infertility, birth trauma, postpartum mood issues and the couple’s adjustment."",
"Erika Bent, Cypress Wellness Collective","Licensed Marriage & Family Therapist, Licensed Professional Clinical Counselor",LMFT,info@cypresswellnesscollective.org,415-236-2201,https://www.cypresswellnesscollective.org,True,"In-person therapy, Teletherapy; For a limited number of clients I charge on a sliding scale",""Adults, Children, Families, Groups, Teens; At our San Francisco and Marin based practice, we offer therapy and nutrition counseling for those overcoming eating disorders, anxiety, and depression."",
"Nicholas Plastiras","Licensed Marriage & Family Therapist",LMFT,nicholas@nicholasplastiras.com,(415) 326-6487,https://www.nicholasplastiras.com,True,"In-person therapy, Teletherapy; ",""Adults, Teens"",
"Daria Sievers","Licensed Clinical Social Worker",LCSW,daria.sievers@gmail.com,(415) 302-9130,https://www.dariasievers.com,True,"Teletherapy; ",""Adults; Trauma, PTSD, Grief and Loss, Toxic/Antagonistic Relationships, Narcissistic Abuse Recovery"",16189447
"Chloe Coppola, Archie Williams High School","Associate Marriage and Family Therapist",LMFT,info@chloecoppola.com,8609654038,https://chloecoppola.com,True,"In-person therapy, Teletherapy; For a limited number of clients I charge on a sliding scale",""Adults, Teens"",
"Olivia Peterson, Olivia Peterson LMFT","Licensed Marriage & Family Therapist",LMFT,olivia@oliviapetersonlmft.com,408-831-0419,https://www.Oliviapetersonlmft.com,True,"Teletherapy; For a limited number of clients I charge on a sliding scale",""Adults, Teens; Psychotherapy services for individuals, teens, and young adults."",16189447
"Kristi Hudson","Licensed Marriage & Family Therapist",LMFT,kristi@hudsonmft.com,(415)761-1509,https://www.hudsonmft.com,True,"In-person therapy, Teletherapy; For a limited number of clients I charge on a sliding scale",""Adults, Couples; Providing Emotionally Focused Couples Therapy (EFT), Compassionate Individual Therapy, and Consultation Services"",
"Carla Clements","Licensed Marriage & Family Therapist",LMFT,cclementsmft@gmail.com,(415) 289-2022,,False,"In-person therapy, Teletherapy; For a limited number of clients I charge on a sliding scale",""Adults, Teens"",
"Jan Edl Stein, Jan Edl Stein","Licensed Marriage & Family Therapist",LMFT,jan.edl.stein@gmail.com,(415) 250-3051,https://www.janedl.com,True,"; For a limited number of clients I charge on a sliding scale",""Adults, Couples"",
"Barbara Adamich, Red Crane Psychotherapy Group","Licensed Clinical Social Worker",LCSW,barbara@redcranepsychotherapy.com,(415) 673-3566,,False,"Teletherapy; ",""Adults, Couples, Families; Attachment based therapy for couples and individuals"",16189447
"Daniela Weise","Licensed Marriage & Family Therapist",LMFT,danielaweiselmft@gmail.com,(415) 496-6020,,False,"In-person therapy, Teletherapy; ",""Adults, Couples, Families, Teens"",
"Daire Harty, San Francisco Family Therapy","Associate Marriage and Family Therapist",LMFT,daire@sanfranciscofamilytherapy.com,415-335-6381,,False,"In-person therapy, Teletherapy; ",""Adults, Couples, Families, Teens"",
"Beth Pierce","Licensed Marriage & Family Therapist",LMFT,hello@bethpiercetherapy.com,4155693494,https://www.bethpiercetherapy.com,True,"Teletherapy; ",""Adults, Couples"",16189447
"Mary Beth McClure","Licensed Marriage & Family Therapist",LMFT,mcclure7777@gmail.com,(415)269-0955,,False,"Teletherapy; ",""Adults; Individual & couples, EMDR"",16189447
"Carol Normandi, Carol Normandi, LMFT","Licensed Marriage & Family Therapist",LMFT,carolnormandi@comcast.net,(415) 488-1104,https://www.carolnormandi.com,True,"In-person therapy, Teletherapy; For a limited number of clients I charge on a sliding scale",""Adults, Couples, Families, Teens"",
"Amy Urban","Licensed Marriage & Family Therapist",LMFT,amyurbantherapy@proton.me,4152469902,https://Amyurbantherapy.com,True,"In-person therapy, Teletherapy; For a limited number of clients I charge on a sliding scale",""Adults"",
"Courtney Quattrini, Stories We Tell Therapy","Licensed Marriage & Family Therapist",LMFT,courtneyquattrini7@gmail.com,415-710-7527,https://www.storieswetelltherapy.com,True,"In-person therapy, Teletherapy; For a limited number of clients I charge on a sliding scale",""Adults, Couples, Teens; The therapeutic partnership I seek to develop with clients is grounded in trust, compassion, and honoring the essential human need to feel seen and supported."",
"Lawrence Tunis, Lawrence M. Tunis, EdD, LMFT","Licensed Marriage & Family Therapist",LMFT,drlarrytunis@gmail.com,(415) 847-3677,https://www.larrytunis.com,True,"Teletherapy; ",""Adults; Psychodynamic, CBT, and schema therapy modalities"",16189447
"TATRA DE LA ROSA, de la Rosa Psychotherapists","Licensed Marriage & Family Therapist",LMFT,tatra@tatradelarosa.com,707-536-5069,https://www.tatradelarosa.com,True,"In-person therapy, Teletherapy; ",""Adults, Couples, Families, Groups, Teens"",
"Peter Carpentieri","Licensed Marriage & Family Therapist",LMFT,peterc.mft@gmail.com,5104631150,https://petercarpentieri.com,True,"In-person therapy, Teletherapy; For a limited number of clients I charge on a sliding scale",""Adults, Children, Groups, Teens; As an LMFT and SEP, I specialize in healing trauma through the body, using the Somatic Experiencing® approach. My clients experience dramatic, sometimes immediate improvements in their symptoms. Call / email to sched."",
"Lucy Feickert","Associate Marriage and Family Therapist",LMFT,lucyfeickert@gmail.com,4154885013,,False,"; ","""",
"Kate Payne","Licensed Clinical Social Worker",LCSW,katepaynetherapy@gmail.com,206-657-6907,,False,"In-person therapy, Teletherapy; For a limited number of clients I charge on a sliding scale",""Adults, Couples; I work with individuals and couples. I specialize in EMDR and sex therapy work."",
"Pamela Ashkenazy, The Compassionate Friends of Marin Board Member","Licensed Marriage & Family Therapist",LMFT,pamelaashkenazy@gmail.com,(415) 302-9372,https://www.pamelaashkenazy.com,True,"; For a limited number of clients I charge on a sliding scale",""I use a psychodynamic for helping clients foster a health and sustainable posture toward life."",
"Spencer Jacobs","Licensed Marriage & Family Therapist",LMFT,spenjacobs@gmail.com,(415) 968-5566,,False,"In-person therapy, Teletherapy; For a limited number of clients I charge on a sliding scale",""Adults, Couples, Teens; Individual and Family Therapist"",
"Erin Howard","Associate Marriage and Family Therapist",LMFT,erin@erinhowardmft.com,4154975878,,False,"In-person therapy, Teletherapy; ",""Children, Teens"",
"Alberto Montes Lopez","",Unknown,titomontes10@gmail.com,(415)2330288,,False,"","""",
"Monica Elden, Wellbeing Embodied","Licensed Marriage & Family Therapist",LMFT,Monica@WellbeingEmbodied.com,4159449355,https://www.WellbeingEmbodied.com,True,"Teletherapy; For a limited number of clients I charge on a sliding scale",""Adults, Couples, Groups; I help clients navigate life changes, relationships, loss, anxiety, spiritual exploration & chronic illness. Modalities: Somatic Parts Work (like IFS), mindfulness, expressive arts/EXA, EFT, attachment, neuroscience, Energy Psychology"",16189447
"Natalie Spautz, The Conscious Partnership","Licensed Marriage & Family Therapist",LMFT,therapywithnatalie@gmail.com,4153168123,https://www.theconsciouspartnership.com,True,"In-person therapy, Teletherapy; ",""Adults, Couples; I help couples seeking support in healing their relationship and work especially well with issues connected to finances, alcohol recovery, ADHD and intimacy."",
"Eva Cantor","Licensed Marriage & Family Therapist",LMFT,evacantormft@gmail.com,(415) 488-7668,https://hellohappinesstherapy.com,True,"In-person therapy, Teletherapy; ",""Adults, Couples, Families, Teens"",
"Catherine Greene","Licensed Marriage & Family Therapist",LMFT,cat.greene19@gmail.com,4154138159,,False,"In-person therapy, Teletherapy; For a limited number of clients I charge on a sliding scale",""Adults, Families, Teens"",
"Catherine Stern","Licensed Marriage & Family Therapist",LMFT,catherinesterntherapy@gmail.com,415-843-1467,,False,"In-person therapy; ",""Adults, Teens"",16189448
"Jill Boeri","Licensed Marriage & Family Therapist",LMFT,therapywithjillb@gmail.com,4159490485,https://therapywithjillb.com,True,"In-person therapy, Teletherapy; ",""Adults, Families, Teens"",
"Devon Baker, Tim Baima Individual Couple and Family Therapy, Inc.","Associate Marriage and Family Therapist",LMFT,devonstherapy@gmail.com,(650) 549-5009,https://www.psychologytoday.com/us/therapists/devon-shane-baker-san-mateo-ca/1201986,False,"In-person therapy, Teletherapy; For a limited number of clients I charge on a sliding scale",""Adults, Couples, Families, Groups, Teens; I provide a warm, non-judgmental, safe space to explore your inner world, heal pain, break free from dysfunctional patterns, and improve your relationships."",
"Kavitha Goldowitz","Licensed Marriage & Family Therapist",LMFT,kavitha@sfcounselingservices.com,(415) 857-1669,https://www.sfcounselingservices.com,True,"Teletherapy; ",""Kavitha provides therapy for individuals and couples in the San Francisco Bay Area."",16189447
"Robert Jackson","Licensed Marriage & Family Therapist",LMFT,robert@robertjacksontherapy.com,415-424-4514,https://robertjacksontherapy.com,True,"Teletherapy; For a limited number of clients I charge on a sliding scale",""Adults, Couples; I support men and couples to have better relationships with others and themselves. I utilize an Attachment Lens (EFCT Certified) in all of my work."",16189447
"David Mars, Center for Transformative Therapy","Licensed Marriage & Family Therapist",LMFT,davidmarsphd@gmail.com,4152696706,https://www.cfttsite.com/,True,"Teletherapy; For a limited number of clients I charge on a sliding scale",""Couples, Groups; Transformative Couples Therapy™"",16189447
"Cristina Ascierto","Licensed Marriage & Family Therapist",LMFT,casciertomft@gmail.com,(415) 302-6206,,False,"; For a limited number of clients I charge on a sliding scale","""",
"Lynn Robinson","Licensed Marriage & Family Therapist",LMFT,gratituteforlife@yahoo.com,(415) 472-3273,https://www.MindfulEFT.com,True,"; For a limited number of clients I charge on a sliding scale",""Mindfulness psychotherapy and EFT ""tapping"""",
"Sandra Berger","Licensed Marriage & Family Therapist",LMFT,sandrabergertherapy@gmail.com,(415) 322.0822,https://(415) 322.0822,True,"; For a limited number of clients I charge on a sliding scale",""Adults, Couples, Teens; I treat individuals & couples who struggle with anxiety, depression and relationship issues."",
"Patricia Korijn","Associate Marriage and Family Therapist",LMFT,patricia@sftherapygroup.com,(415) 320-7115,https://patriciakorijn.com,True,"In-person therapy, Teletherapy; ",""Adults, Couples, Families, Teens; I help people move from feeling overwhelmed by trauma to reclaiming their lives. With calm, grounded presence and personal understanding, I walk alongside you toward connection and joy."",
"Diego Hardy, De La Rosa Psychotherapists","Associate Marriage and Family Therapist",LMFT,dhardytherapy@gmail.com,(510) 545-4772,https://www.delarosapsychotherapists.com/diego-hardy,True,"In-person therapy, Teletherapy; ",""Adults, Children, Couples, Families, Teens"",
"Rachel Coen, BAPTI","Associate Marriage and Family Therapist",LMFT,rachelscoen@gmail.com,510-969-9088,https://www.rachelcoentherapy.com/,True,"In-person therapy, Teletherapy; For a limited number of clients I charge on a sliding scale",""Adults, Couples, Teens"",
"Madison Horning","Licensed Marriage & Family Therapist",LMFT,madison@mlgtherapy.com,9163168742,https://mlgtherapy.com,True,"In-person therapy, Teletherapy; For a limited number of clients I charge on a sliding scale",""Adults, Children, Couples, Families, Groups, Teens"",
"Danielle Yorko, Bay Area Couples Collective","Associate Marriage and Family Therapist",LMFT,danielleyorkotherapy@gmail.com,‪(415) 758-0077,https://www.danielleyorko.com,True,"In-person therapy, Teletherapy; ",""Adults, Couples, Families, Groups; Danielle's therapy practice is centered on supporting individuals of all identities in discovering and expressing their fullest selves."",
"Andrea Parsons MacBean, Evergreen Counseling","Licensed Clinical Social Worker",LCSW,andrea@evergreencounseling.com,510.214.3172,https://510.214.3172,True,"Teletherapy; For a limited number of clients I charge on a sliding scale",""Adults; I am the clinical director of a Berkeley-based private practice. I bring 20+ years of clinical experience to my practice. I have treated clients presenting with a range of symptoms many of which are rooted in a trauma."",16189447
"Natalie Cisneros, Dominican University of California","",Unknown,nscisneros@gmail.com,NA,,False,"; ","""",
"Sophia Green, Sophia Green Therapy","Licensed Marriage & Family Therapist",LMFT,sophia@sophiagreentherapy.com,10.214.3638,https://10.214.3638,True,"Teletherapy; For a limited number of clients I charge on a sliding scale",""Adults, Couples, Teens"",16189447
"Michelle Joy, Self employed","Licensed Marriage & Family Therapist",LMFT,Mjoymft@gmail.com,6504851504,https://MichelleJoyMFT.com,True,"Teletherapy; ",""Adults, Couples; Michelle Joy, MFT, is a longtime Couples Institute clinician, Enneagram expert, and national trainer who helps couples transform communication and patterns using Developmental methods"",16189447
"Matt Abrams","Associate Marriage and Family Therapist",LMFT,matt@toolworks.com,415-314-5785,,False,"","""",
"Diana Benjamin","Licensed Marriage & Family Therapist",LMFT,dianabmft@gmail.com,818-635-1467,,False,"In-person therapy, Teletherapy; For a limited number of clients I charge on a sliding scale",""Adults, Couples, Families, Teens; I am an MFT with over 25 years of experience working with individuals, couples and families. I have advanced training in working with eating disorders and in developmental couples therapy."",
"Nicole Bendayan","Licensed Marriage & Family Therapist",LMFT,shish9@aol.com,775-899-0624,,False,"In-person therapy, Teletherapy; For a limited number of clients I charge on a sliding scale",""Adults, Children, Teens"",
"Christy Livingston, Rethink Today","Licensed Marriage & Family Therapist",LMFT,christy@bridgestounderstanding.org,714-334-9657,https://www.rethinktoday.com,True,"In-person therapy, Teletherapy; ",""Adults, Children, Families, Teens; Education and Consultation"",
"Sandra Hirschfield","Licensed Marriage & Family Therapist",LMFT,shirschfield@lmft-therapy.com,415-599-6761,,False,"In-person therapy, Teletherapy; For a limited number of clients I charge on a sliding scale",""Adults, Children, Families, Teens; I am a Registered Art Therapist and Certified Sandplay Therapist"",
"Bonnie Kaufman","Licensed Professional Clinical Counselor",LPCC,bonniekaufmantherapy@gmail.com,415-870-3901,https://therapywithbonnie.org,True,"In-person therapy, Teletherapy; ",""Children, Families, Teens; Psychotherapist specializing in teens, tweens, and parenting challenges"",
"Kate Leffel","Licensed Marriage & Family Therapist",LMFT,kate@kateleffeltherapy.com,415-579-1954,https://www.kateleffeltherapy.com,True,"Teletherapy; For a limited number of clients I charge on a sliding scale","""",16189447
"Marlena Kushner","Licensed Marriage & Family Therapist",LMFT,marlena.kushnermft@gmail.com,(415) 563-2759,https://www.womenstherapyservices.com,True,"; ",""EMDR Certified Therapist specializing in Working with Women on Trauma, Eating Disorder, Grief, Depression and Anxiety."",
"Tara Baker, The Connective","Licensed Marriage & Family Therapist",LMFT,hello@theconnective.com,(415) 632-1010,https://www.theconnective.com,True,"In-person therapy, Teletherapy; For a limited number of clients I charge on a sliding scale",""Adults, Children, Couples, Families, Groups, Teens; The Connective is an integrative mental health practice in SF and Benicia. We believe in providing holistic, collaborative and strengths-based care centered on the whole person."",
"Holly Greenberg","Licensed Marriage & Family Therapist",LMFT,hollygreenbergmft@gmail.com,4157104322,https://hollygreenberg.net,True,"Teletherapy; ",""Adults, Teens"",16189447
"Erika Trice","",Unknown,erika@erikatrice.com,415-308-0857,,False,"; ","""",
"Susan Krebs","Licensed Marriage & Family Therapist",LMFT,sskrebs@comcast.net,415-827-0404,,False,"In-person therapy, Teletherapy; ",""Adults, Teens"",
"Susan Quigley","Licensed Marriage & Family Therapist",LMFT,susanquigleymft@gmail.com,(415) 722-5525,https://susanquigleymft.com,True,"In-person therapy, Teletherapy; For a limited number of clients I charge on a sliding scale",""Adults, Teens; Supportive and solution focused psychotherapy and coaching, IFS informed"",
"Larry Yavorsky","Licensed Marriage & Family Therapist",LMFT,yavolar@me.com,(510) 964-4251,,False,"In-person therapy, Teletherapy; ",""Adults, Couples, Groups; Psychotherapy, relationship & marriage counseling, somatic psychotherapy, hypnotherapy, emdr, 30 years experience, R.N. knowledgeable re medications, sexual enhancement counseling"",
"Anicia A Williams, Anicia A Williams, LMFT","Licensed Marriage & Family Therapist",LMFT,aniciawilliamsmft@gmail.com,415-323-6931,https://aniciawilliamsmft.com,True,"Teletherapy; For a limited number of clients I charge on a sliding scale",""Adults, Couples, Families, Groups, Teens; Licensed Therapist in Marin County, specializing in multicultural issues, trauma, addictions and the relationships that suffer as a result"",16189447